{"stats":{"minecraft:mined":{"minecraft:deepslate_diamond_ore":4,"minecraft:cobblestone_stairs":64,"minecraft:sea_lantern":1,"minecraft:granite":14,"minecraft:cobbled_deepslate_slab":1,"minecraft:acacia_log":24,"minecraft:grass_block":16,"minecraft:brown_mushroom_block":463,"minecraft:crimson_stem":8,"minecraft:chiseled_stone_bricks":1,"minecraft:magma_block":2,"minecraft:furnace":8,"minecraft:iron_ore":19,"minecraft:cobbled_deepslate":2,"minecraft:andesite":19,"minecraft:deepslate_iron_ore":3,"minecraft:dirt_path":7,"minecraft:oak_stairs":1,"minecraft:stripped_oak_log":17,"minecraft:stone":708,"minecraft:acacia_leaves":66,"minecraft:brown_mushroom":21,"minecraft:glass_pane":1,"minecraft:spruce_door":1,"minecraft:dandelion":1,"minecraft:oak_fence":10,"minecraft:clay":4,"minecraft:crafting_table":17,"minecraft:torch":12,"minecraft:emerald_ore":1,"minecraft:chest":4,"minecraft:mushroom_stem":62,"minecraft:cobblestone":25,"minecraft:tall_grass":9,"minecraft:oak_planks":414,"minecraft:diorite":49,"minecraft:wall_torch":6,"minecraft:air":2080,"minecraft:birch_planks":2,"minecraft:nether_wart_block":22,"minecraft:sweet_berry_bush":2,"minecraft:yellow_bed":3,"minecraft:grass":88,"minecraft:coal_ore":93,"minecraft:oak_log":161,"minecraft:mycelium":1091,"minecraft:gravel":22,"minecraft:sand":52,"minecraft:dirt":725,"minecraft:cracked_stone_bricks":1,"minecraft:acacia_planks":3,"minecraft:red_mushroom_block":69,"minecraft:stone_bricks":1,"minecraft:netherrack":1,"minecraft:stripped_crimson_stem":1,"minecraft:oak_leaves":1404,"minecraft:deepslate":52,"minecraft:fern":2},"minecraft:killed":{"minecraft:spider":4,"minecraft:skeleton":2,"minecraft:pig":8,"minecraft:sheep":2,"minecraft:zombie":15,"minecraft:mooshroom":27,"minecraft:cow":10},"minecraft:dropped":{"minecraft:enchanted_book":2,"minecraft:brown_mushroom":147,"minecraft:birch_planks":2,"minecraft:wheat_seeds":28,"minecraft:cooked_beef":25,"minecraft:glow_ink_sac":5,"minecraft:crafting_table":1,"minecraft:dark_oak_sapling":1,"minecraft:feather":2,"minecraft:oak_fence":34,"minecraft:prismarine_crystals":2,"minecraft:cobblestone":1,"minecraft:leather":56,"minecraft:granite":3,"minecraft:cracked_stone_bricks":1,"minecraft:spruce_door":1,"minecraft:stick":4,"minecraft:flint":2,"minecraft:red_mushroom":20,"minecraft:cobblestone_stairs":128,"minecraft:dirt":917,"minecraft:diorite":33,"minecraft:torch":2,"minecraft:lapis_ore":1,"minecraft:wooden_sword":4,"minecraft:sand":137,"minecraft:string":5,"minecraft:white_wool":2,"minecraft:acacia_planks":64,"minecraft:bone":3,"minecraft:oak_door":1,"minecraft:gravel":25,"minecraft:sugar_cane":14,"minecraft:stone_axe":2,"minecraft:sweet_berries":5,"minecraft:player_head":10,"minecraft:cobbled_deepslate":84,"minecraft:stone_sword":2,"minecraft:wheat":18,"minecraft:raw_iron":2,"minecraft:rotten_flesh":13,"minecraft:clay_ball":16,"minecraft:oak_planks":60,"minecraft:cooked_mutton":1,"minecraft:glass_pane":3,"minecraft:carrot":4,"minecraft:chiseled_stone_bricks":1,"minecraft:potato":3,"minecraft:cobblestone_slab":9,"minecraft:shield":1,"minecraft:andesite":13,"minecraft:acacia_sapling":3,"minecraft:oak_sapling":69,"minecraft:stone_bricks":1,"minecraft:spider_eye":3,"minecraft:glass":4,"minecraft:arrow":4,"minecraft:stone_pickaxe":2,"minecraft:bow":1,"minecraft:beef":13,"minecraft:wooden_pickaxe":2,"minecraft:raw_gold":2,"minecraft:magma_block":2,"minecraft:quartz":15,"minecraft:netherrack":1},"minecraft:used":{"minecraft:oak_fence":2,"minecraft:stone_sword":310,"minecraft:stone_shovel":1546,"minecraft:chest":6,"minecraft:shield":2,"minecraft:stripped_crimson_stem":1,"minecraft:rotten_flesh":2,"minecraft:oak_door":2,"minecraft:torch":22,"minecraft:dirt":1155,"minecraft:golden_shovel":64,"minecraft:tuff":4,"minecraft:granite":4,"minecraft:oak_stairs":2,"minecraft:crimson_planks":9,"minecraft:hay_block":1,"minecraft:furnace":10,"minecraft:cooked_beef":31,"minecraft:acacia_planks":3,"minecraft:cooked_mutton":1,"minecraft:diorite":18,"minecraft:cobblestone_stairs":64,"minecraft:stone_pickaxe":1039,"minecraft:oak_planks":867,"minecraft:wooden_pickaxe":28,"minecraft:crafting_table":20,"minecraft:apple":4,"minecraft:iron_pickaxe":27,"minecraft:gravel":2,"minecraft:stone_axe":548,"minecraft:nether_wart_block":11,"minecraft:cobblestone":318,"minecraft:cooked_porkchop":5,"minecraft:glass_pane":29,"minecraft:yellow_bed":4,"minecraft:oak_boat":11},"minecraft:broken":{"minecraft:stone_sword":1,"minecraft:golden_shovel":2,"minecraft:stone_pickaxe":8,"minecraft:stone_axe":4,"minecraft:iron_pickaxe":1,"minecraft:stone_shovel":11},"minecraft:crafted":{"minecraft:oak_door":3,"minecraft:oak_planks":644,"minecraft:stone_shovel":13,"minecraft:furnace":2,"minecraft:cobblestone_stairs":64,"minecraft:cooked_mutton":2,"minecraft:glass_pane":32,"minecraft:glass":16,"minecraft:iron_boots":1,"minecraft:stone_pickaxe":7,"minecraft:chest":2,"minecraft:oak_fence":9,"minecraft:cooked_beef":76,"minecraft:crimson_planks":20,"minecraft:cooked_porkchop":5,"minecraft:crafting_table":6,"minecraft:wooden_pickaxe":2,"minecraft:iron_helmet":1,"minecraft:stone_axe":6,"minecraft:air":0,"minecraft:oak_boat":1,"minecraft:iron_chestplate":1,"minecraft:diamond_pickaxe":1,"minecraft:shield":1,"minecraft:stick":40,"minecraft:iron_ingot":27,"minecraft:iron_pickaxe":1,"minecraft:oak_stairs":4,"minecraft:stone_sword":4,"minecraft:iron_leggings":1,"minecraft:acacia_planks":32,"minecraft:torch":8},"minecraft:killed_by":{"minecraft:player":7,"minecraft:creeper":1,"minecraft:skeleton":5,"minecraft:zombie":1},"minecraft:picked_up":{"minecraft:crafting_table":20,"minecraft:iron_chestplate":1,"minecraft:wheat":5,"minecraft:clay_ball":16,"minecraft:brown_mushroom":147,"minecraft:oak_stairs":1,"minecraft:enchanted_book":1,"minecraft:golden_shovel":2,"minecraft:shield":2,"minecraft:string":5,"minecraft:wooden_sword":6,"minecraft:iron_leggings":1,"minecraft:cracked_stone_bricks":1,"minecraft:cobbled_deepslate":84,"minecraft:beef":78,"minecraft:oak_boat":11,"minecraft:cobblestone_slab":9,"minecraft:player_head":11,"minecraft:iron_pickaxe":1,"minecraft:sugar_cane":14,"minecraft:chest":4,"minecraft:iron_boots":1,"minecraft:furnace":8,"minecraft:dark_oak_sapling":1,"minecraft:stick":28,"minecraft:raw_iron":26,"minecraft:oak_fence":27,"minecraft:torch":20,"minecraft:acacia_log":8,"minecraft:porkchop":10,"minecraft:diorite":54,"minecraft:carrot":4,"minecraft:prismarine_crystals":2,"minecraft:rotten_flesh":15,"minecraft:stone_sword":3,"minecraft:arrow":1,"minecraft:hay_block":1,"minecraft:mutton":2,"minecraft:white_wool":2,"minecraft:cobblestone":759,"minecraft:lapis_ore":1,"minecraft:stripped_oak_log":27,"minecraft:crimson_stem":4,"minecraft:magma_block":2,"minecraft:feather":2,"minecraft:cooked_beef":25,"minecraft:glow_ink_sac":5,"minecraft:andesite":13,"minecraft:leather":56,"minecraft:red_mushroom":20,"minecraft:potato":2,"minecraft:birch_planks":2,"minecraft:flint":2,"minecraft:tuff":4,"minecraft:oak_log":134,"minecraft:nether_wart_block":11,"minecraft:yellow_bed":3,"minecraft:cobblestone_stairs":128,"minecraft:dirt":2182,"minecraft:bone":3,"minecraft:acacia_planks":3,"minecraft:apple":6,"minecraft:stone_bricks":1,"minecraft:bow":1,"minecraft:wheat_seeds":28,"minecraft:raw_gold":3,"minecraft:iron_ingot":1,"minecraft:stone_pickaxe":2,"minecraft:acacia_sapling":3,"minecraft:oak_planks":409,"minecraft:sweet_berries":5,"minecraft:chiseled_stone_bricks":1,"minecraft:quartz":16,"minecraft:stripped_crimson_stem":2,"minecraft:gravel":27,"minecraft:sand":153,"minecraft:spider_eye":3,"minecraft:spruce_door":1,"minecraft:diamond":5,"minecraft:stone_axe":2,"minecraft:iron_helmet":1,"minecraft:granite":7,"minecraft:emerald":1,"minecraft:oak_sapling":69,"minecraft:netherrack":1,"minecraft:coal":139},"minecraft:custom":{"minecraft:mob_kills":70,"minecraft:interact_with_crafting_table":59,"minecraft:leave_game":7,"minecraft:time_since_death":2920,"minecraft:sprint_one_cm":1151570,"minecraft:walk_one_cm":601205,"minecraft:damage_blocked_by_shield":210,"minecraft:drop":347,"minecraft:play_time":433522,"minecraft:deaths":17,"minecraft:sneak_time":59222,"minecraft:walk_under_water_one_cm":27573,"minecraft:boat_one_cm":619726,"minecraft:jump":7318,"minecraft:walk_on_water_one_cm":51950,"minecraft:total_world_time":433522,"minecraft:interact_with_furnace":81,"minecraft:sleep_in_bed":9,"minecraft:time_since_rest":2951,"minecraft:damage_taken":6392,"minecraft:damage_dealt":10332,"minecraft:swim_one_cm":118597,"minecraft:fly_one_cm":1873789,"minecraft:open_chest":61,"minecraft:crouch_one_cm":236637,"minecraft:fall_one_cm":194000}},"DataVersion":3465}