{"stats":{"minecraft:mined":{"minecraft:tuff":11,"minecraft:spruce_planks":8,"minecraft:dark_oak_leaves":3,"minecraft:cherry_log":72,"minecraft:cobblestone_stairs":2,"minecraft:stripped_cherry_log":1,"minecraft:dark_oak_log":102,"minecraft:glow_lichen":2,"minecraft:granite":1,"minecraft:grass_block":3,"minecraft:soul_soil":1,"minecraft:spruce_leaves":436,"minecraft:hay_block":11,"minecraft:raw_iron_block":1,"minecraft:furnace":6,"minecraft:iron_ore":34,"minecraft:cobbled_deepslate":2,"minecraft:andesite":1,"minecraft:stripped_spruce_log":4,"minecraft:deepslate_iron_ore":27,"minecraft:rail":2,"minecraft:oak_stairs":2,"minecraft:stripped_oak_log":1,"minecraft:stone":433,"minecraft:white_wool":2,"minecraft:soul_sand":1,"minecraft:oak_fence":6,"minecraft:crafting_table":11,"minecraft:torch":8,"minecraft:cobblestone":40,"minecraft:nether_quartz_ore":366,"minecraft:copper_ore":5,"minecraft:sugar_cane":14,"minecraft:oak_planks":113,"minecraft:wall_torch":10,"minecraft:pink_petals":10,"minecraft:chain":6,"minecraft:spruce_log":717,"minecraft:birch_leaves":1,"minecraft:grass":15,"minecraft:coal_ore":92,"minecraft:oak_log":80,"minecraft:cherry_leaves":266,"minecraft:gravel":1,"minecraft:dirt":16,"minecraft:cobweb":1,"minecraft:stonecutter":4,"minecraft:netherrack":281,"minecraft:oak_leaves":297,"minecraft:deepslate":18,"minecraft:fern":3},"minecraft:broken":{"minecraft:stone_pickaxe":1,"minecraft:iron_axe":1,"minecraft:iron_pickaxe":4},"minecraft:killed_by":{"minecraft:player":4,"minecraft:drowned":1},"minecraft:killed":{"minecraft:cave_spider":1,"minecraft:spider":4,"minecraft:skeleton":7,"minecraft:chicken":6,"minecraft:piglin":6,"minecraft:pig":4,"minecraft:zombie_villager":1,"minecraft:iron_golem":1,"minecraft:creeper":1,"minecraft:sheep":4,"minecraft:pillager":7,"minecraft:zombie":23,"minecraft:cow":9},"minecraft:custom":{"minecraft:mob_kills":75,"minecraft:interact_with_crafting_table":51,"minecraft:leave_game":37,"minecraft:time_since_death":0,"minecraft:sprint_one_cm":802182,"minecraft:walk_one_cm":538623,"minecraft:damage_blocked_by_shield":1561,"minecraft:drop":136,"minecraft:play_time":358988,"minecraft:deaths":7,"minecraft:sneak_time":27449,"minecraft:walk_under_water_one_cm":45868,"minecraft:jump":5224,"minecraft:walk_on_water_one_cm":32979,"minecraft:enchant_item":1,"minecraft:total_world_time":358988,"minecraft:interact_with_furnace":94,"minecraft:interact_with_stonecutter":6,"minecraft:sleep_in_bed":7,"minecraft:time_since_rest":1980,"minecraft:damage_taken":4007,"minecraft:damage_dealt":13146,"minecraft:swim_one_cm":75717,"minecraft:fly_one_cm":1106726,"minecraft:open_chest":82,"minecraft:crouch_one_cm":65590,"minecraft:fall_one_cm":138072},"minecraft:crafted":{"minecraft:oak_planks":240,"minecraft:raw_iron":9,"minecraft:cooked_chicken":9,"minecraft:furnace":2,"minecraft:cobblestone_stairs":33,"minecraft:cooked_mutton":5,"minecraft:iron_boots":2,"minecraft:iron_axe":4,"minecraft:stone_pickaxe":4,"minecraft:oak_button":1,"minecraft:dark_oak_planks":264,"minecraft:wheat":99,"minecraft:cooked_porkchop":11,"minecraft:crafting_table":6,"minecraft:spruce_planks":444,"minecraft:wooden_pickaxe":1,"minecraft:iron_helmet":2,"minecraft:iron_sword":2,"minecraft:bucket":1,"minecraft:stone_axe":2,"minecraft:bread":33,"minecraft:air":0,"minecraft:iron_chestplate":2,"minecraft:diamond_pickaxe":1,"minecraft:shield":2,"minecraft:stick":80,"minecraft:iron_ingot":122,"minecraft:iron_pickaxe":4,"minecraft:oak_stairs":44,"minecraft:wooden_axe":1,"minecraft:stone_sword":2,"minecraft:iron_leggings":2,"minecraft:white_bed":1,"minecraft:torch":30},"minecraft:picked_up":{"minecraft:spruce_leaves":11,"minecraft:crafting_table":15,"minecraft:iron_chestplate":5,"minecraft:wheat":4,"minecraft:chicken":4,"minecraft:oak_stairs":2,"minecraft:enchanted_book":4,"minecraft:stripped_cherry_log":1,"minecraft:chain":6,"minecraft:shield":4,"minecraft:string":15,"minecraft:raw_copper":17,"minecraft:soul_soil":1,"minecraft:iron_axe":5,"minecraft:iron_leggings":5,"minecraft:zombie_head":5,"minecraft:cobbled_deepslate":25,"minecraft:spruce_planks":600,"minecraft:beef":64,"minecraft:player_head":38,"minecraft:iron_pickaxe":5,"minecraft:light_gray_wool":1,"minecraft:coal_block":1,"minecraft:sugar_cane":43,"minecraft:iron_boots":4,"minecraft:furnace":10,"minecraft:dark_oak_door":3,"minecraft:golden_helmet":2,"minecraft:stick":34,"minecraft:raw_iron":182,"minecraft:oak_fence":18,"minecraft:torch":31,"minecraft:porkchop":43,"minecraft:cherry_log":31,"minecraft:redstone":4,"minecraft:goat_horn":3,"minecraft:dark_oak_planks":168,"minecraft:arrow":4,"minecraft:rotten_flesh":30,"minecraft:hay_block":11,"minecraft:gold_ingot":12,"minecraft:mutton":6,"minecraft:rail":3,"minecraft:white_wool":5,"minecraft:cobblestone":514,"minecraft:stripped_oak_log":2,"minecraft:birch_log":6,"minecraft:pink_petals":21,"minecraft:birch_leaves":1,"minecraft:feather":15,"minecraft:cooked_beef":22,"minecraft:cherry_leaves":4,"minecraft:andesite":1,"minecraft:leather":16,"minecraft:potato":4,"minecraft:tuff":11,"minecraft:oak_log":81,"minecraft:cobblestone_stairs":2,"minecraft:dirt":102,"minecraft:white_banner":8,"minecraft:cooked_mutton":1,"minecraft:bone":5,"minecraft:apple":3,"minecraft:stonecutter":4,"minecraft:wheat_seeds":2,"minecraft:stone_pickaxe":3,"minecraft:iron_ingot":23,"minecraft:cooked_chicken":2,"minecraft:soul_sand":3,"minecraft:oak_planks":651,"minecraft:iron_sword":6,"minecraft:cooked_porkchop":7,"minecraft:quartz":577,"minecraft:raw_iron_block":1,"minecraft:gravel":22,"minecraft:spruce_sapling":12,"minecraft:spruce_log":599,"minecraft:dark_oak_log":79,"minecraft:spider_eye":4,"minecraft:diamond":5,"minecraft:stone_axe":2,"minecraft:iron_helmet":5,"minecraft:crossbow":1,"minecraft:cherry_sapling":12,"minecraft:oak_sapling":9,"minecraft:netherrack":295,"minecraft:melon_seeds":7,"minecraft:coal":431},"minecraft:used":{"minecraft:stone_sword":49,"minecraft:spruce_planks":37,"minecraft:shield":178,"minecraft:iron_sword":201,"minecraft:player_head":5,"minecraft:cooked_chicken":8,"minecraft:rotten_flesh":15,"minecraft:netherrack":37,"minecraft:spruce_leaves":11,"minecraft:torch":44,"minecraft:soul_sand":1,"minecraft:dirt":75,"minecraft:tuff":7,"minecraft:iron_axe":825,"minecraft:oak_stairs":18,"minecraft:light_gray_wool":1,"minecraft:goat_horn":23,"minecraft:furnace":6,"minecraft:cooked_beef":15,"minecraft:cobbled_deepslate":3,"minecraft:cooked_mutton":6,"minecraft:cobblestone_stairs":40,"minecraft:birch_leaves":1,"minecraft:stone_pickaxe":156,"minecraft:oak_planks":110,"minecraft:wooden_pickaxe":12,"minecraft:stonecutter":4,"minecraft:white_wool":2,"minecraft:crafting_table":14,"minecraft:white_bed":1,"minecraft:dark_oak_door":3,"minecraft:spruce_log":106,"minecraft:apple":4,"minecraft:dark_oak_log":6,"minecraft:iron_pickaxe":1177,"minecraft:spruce_sapling":1,"minecraft:gravel":1,"minecraft:stone_axe":19,"minecraft:pink_petals":1,"minecraft:cobblestone":230,"minecraft:cooked_porkchop":11,"minecraft:bucket":1},"minecraft:dropped":{"minecraft:soul_sand":2,"minecraft:wheat_seeds":2,"minecraft:golden_helmet":2,"minecraft:cherry_log":1,"minecraft:feather":10,"minecraft:crossbow":1,"minecraft:leather":10,"minecraft:dirt":7,"minecraft:wooden_axe":1,"minecraft:cherry_leaves":4,"minecraft:zombie_head":5,"minecraft:chain":6,"minecraft:white_banner":1,"minecraft:iron_axe":1,"minecraft:string":15,"minecraft:pink_petals":18,"minecraft:tripwire_hook":3,"minecraft:birch_log":4,"minecraft:spruce_sapling":10,"minecraft:gold_ingot":3,"minecraft:bone":1,"minecraft:redstone":4,"minecraft:stone_axe":3,"minecraft:sugar_cane":39,"minecraft:player_head":18,"minecraft:cooked_chicken":1,"minecraft:stone_sword":2,"minecraft:cobbled_deepslate":22,"minecraft:tuff":4,"minecraft:wheat":4,"minecraft:cherry_sapling":12,"minecraft:rotten_flesh":1,"minecraft:potato":4,"minecraft:oak_button":1,"minecraft:melon_seeds":7,"minecraft:oak_sapling":9,"minecraft:spider_eye":4,"minecraft:stripped_cherry_log":1,"minecraft:wooden_pickaxe":1,"minecraft:stone_pickaxe":6,"minecraft:quartz":425}},"DataVersion":3465}