{"stats":{"minecraft:mined":{"minecraft:tuff":61,"minecraft:spruce_planks":11,"minecraft:white_bed":2,"minecraft:oak_sapling":1,"minecraft:deepslate_diamond_ore":2,"minecraft:cobbled_deepslate_stairs":1,"minecraft:stripped_birch_log":1,"minecraft:granite":32,"minecraft:cobbled_deepslate_slab":15,"minecraft:grass_block":43,"minecraft:brown_mushroom_block":45,"minecraft:hay_block":12,"minecraft:tall_seagrass":1,"minecraft:magma_block":8,"minecraft:furnace":2,"minecraft:carrots":59,"minecraft:fire":1,"minecraft:iron_ore":29,"minecraft:cobbled_deepslate":30,"minecraft:andesite":18,"minecraft:deepslate_lapis_ore":2,"minecraft:potatoes":26,"minecraft:deepslate_iron_ore":8,"minecraft:cobblestone_slab":15,"minecraft:stripped_oak_log":9,"minecraft:packed_ice":2,"minecraft:stone":351,"minecraft:brown_mushroom":1,"minecraft:glass_pane":34,"minecraft:oak_fence":1,"minecraft:crafting_table":11,"minecraft:torch":3,"minecraft:tall_grass":1,"minecraft:sculk_sensor":2,"minecraft:cobblestone":144,"minecraft:mushroom_stem":10,"minecraft:glass":3,"minecraft:copper_ore":3,"minecraft:lapis_ore":2,"minecraft:oak_planks":111,"minecraft:diorite":180,"minecraft:air":520,"minecraft:warped_planks":1,"minecraft:birch_log":12,"minecraft:wheat":80,"minecraft:spruce_log":31,"minecraft:birch_leaves":56,"minecraft:grass":19,"minecraft:coal_ore":3,"minecraft:oak_log":77,"minecraft:mycelium":5,"minecraft:beetroots":11,"minecraft:gravel":3,"minecraft:sand":183,"minecraft:dirt":77,"minecraft:red_mushroom_block":4,"minecraft:netherrack":4,"minecraft:oak_leaves":818,"minecraft:deepslate":112},"minecraft:killed":{"minecraft:spider":2,"minecraft:skeleton":5,"minecraft:chicken":1,"minecraft:tropical_fish":2,"minecraft:magma_cube":1,"minecraft:iron_golem":1,"minecraft:sheep":2,"minecraft:zombie":8,"minecraft:mooshroom":1,"minecraft:wither_skeleton":3,"minecraft:blaze":5,"minecraft:cow":1},"minecraft:dropped":{"minecraft:water_bucket":2,"minecraft:enchanted_book":2,"minecraft:iron_ingot":12,"minecraft:iron_sword":1,"minecraft:birch_planks":8,"minecraft:wheat_seeds":79,"minecraft:oak_log":1,"minecraft:large_amethyst_bud":1,"minecraft:emerald_ore":1,"minecraft:crafting_table":6,"minecraft:iron_helmet":1,"minecraft:oak_fence":4,"minecraft:apple":3,"minecraft:rail":10,"minecraft:coal":1,"minecraft:raw_gold_block":1,"minecraft:mushroom_stew":2,"minecraft:red_mushroom":73,"minecraft:stick":34,"minecraft:dirt":19,"minecraft:raw_copper_block":1,"minecraft:diorite":10,"minecraft:torch":5,"minecraft:iron_leggings":1,"minecraft:wooden_sword":3,"minecraft:sand":100,"minecraft:birch_log":6,"minecraft:lily_pad":3,"minecraft:small_amethyst_bud":12,"minecraft:snow_block":35,"minecraft:sugar_cane":3,"minecraft:nether_wart":12,"minecraft:stone_sword":1,"minecraft:cobbled_deepslate":19,"minecraft:wheat":48,"minecraft:raw_iron":1,"minecraft:rotten_flesh":6,"minecraft:iron_hoe":1,"minecraft:iron_boots":1,"minecraft:oak_planks":17,"minecraft:stripped_oak_log":2,"minecraft:deepslate_emerald_ore":1,"minecraft:cobbled_deepslate_slab":1,"minecraft:diamond_ore":4,"minecraft:white_bed":3,"minecraft:deepslate_lapis_ore":4,"minecraft:carrot":7,"minecraft:filled_map":2,"minecraft:potato":9,"minecraft:cobblestone_slab":9,"minecraft:hay_block":17,"minecraft:shield":2,"minecraft:spruce_planks":13,"minecraft:diamond_pickaxe":1,"minecraft:iron_chestplate":1,"minecraft:glowstone":2,"minecraft:acacia_sapling":4,"minecraft:oak_sapling":10,"minecraft:golden_sword":1,"minecraft:spruce_log":3,"minecraft:stripped_acacia_log":2,"minecraft:wooden_pickaxe":1,"minecraft:arrow":3,"minecraft:stone_pickaxe":2,"minecraft:lectern":1,"minecraft:netherrack":2},"minecraft:used":{"minecraft:oak_fence":2,"minecraft:flint_and_steel":44,"minecraft:stone_sword":47,"minecraft:stone_shovel":129,"minecraft:spruce_planks":327,"minecraft:shield":39,"minecraft:iron_sword":130,"minecraft:netherrack":1,"minecraft:torch":9,"minecraft:warped_wart_block":15,"minecraft:dirt":114,"minecraft:mutton":3,"minecraft:carrot":67,"minecraft:tuff":53,"minecraft:granite":32,"minecraft:glass":5,"minecraft:golden_sword":17,"minecraft:magma_block":7,"minecraft:beef":6,"minecraft:hay_block":6,"minecraft:furnace":2,"minecraft:oak_sapling":3,"minecraft:potato":28,"minecraft:cobbled_deepslate":174,"minecraft:cooked_mutton":1,"minecraft:diorite":201,"minecraft:stone_pickaxe":776,"minecraft:oak_planks":476,"minecraft:wooden_pickaxe":15,"minecraft:brown_mushroom":12,"minecraft:diamond_axe":92,"minecraft:cobblestone_slab":51,"minecraft:sand":90,"minecraft:mushroom_stew":63,"minecraft:crafting_table":11,"minecraft:white_bed":2,"minecraft:cobbled_deepslate_stairs":17,"minecraft:spruce_log":41,"minecraft:bread":7,"minecraft:chicken":2,"minecraft:iron_pickaxe":510,"minecraft:lapis_ore":2,"minecraft:gravel":14,"minecraft:stone_axe":216,"minecraft:diamond_sword":106,"minecraft:wooden_sword":2,"minecraft:cobblestone":701,"minecraft:cobbled_deepslate_slab":60,"minecraft:birch_log":12,"minecraft:andesite":22,"minecraft:glass_pane":303,"minecraft:oak_boat":4,"minecraft:gray_wool":1,"minecraft:stripped_oak_log":1,"minecraft:bone_meal":6},"minecraft:broken":{"minecraft:golden_helmet":1,"minecraft:golden_boots":1,"minecraft:iron_leggings":1,"minecraft:stone_pickaxe":3,"minecraft:stone_axe":1,"minecraft:iron_pickaxe":1,"minecraft:stone_shovel":1},"minecraft:crafted":{"minecraft:wooden_sword":1,"minecraft:cobbled_deepslate_slab":33,"minecraft:oak_planks":268,"minecraft:cobblestone_slab":36,"minecraft:stone_shovel":1,"minecraft:golden_chestplate":1,"minecraft:bone_meal":6,"minecraft:glass_pane":304,"minecraft:glass":119,"minecraft:iron_boots":1,"minecraft:stone_pickaxe":6,"minecraft:cobbled_deepslate_stairs":16,"minecraft:golden_sword":1,"minecraft:golden_boots":1,"minecraft:diamond_sword":1,"minecraft:diamond_axe":1,"minecraft:crafting_table":1,"minecraft:wooden_pickaxe":1,"minecraft:iron_helmet":1,"minecraft:iron_sword":2,"minecraft:bowl":4,"minecraft:bucket":1,"minecraft:oak_wood":3,"minecraft:birch_planks":8,"minecraft:stone_axe":1,"minecraft:air":0,"minecraft:oak_boat":1,"minecraft:iron_chestplate":1,"minecraft:shield":2,"minecraft:stick":28,"minecraft:iron_ingot":44,"minecraft:iron_pickaxe":3,"minecraft:stone_sword":1,"minecraft:iron_leggings":2},"minecraft:killed_by":{"minecraft:player":11,"minecraft:wither_skeleton":1,"minecraft:creeper":1,"minecraft:skeleton":4,"minecraft:zombie":3},"minecraft:picked_up":{"minecraft:crafting_table":11,"minecraft:wheat":5,"minecraft:chicken":2,"minecraft:brown_mushroom":17,"minecraft:wooden_pickaxe":1,"minecraft:oak_stairs":3,"minecraft:golden_sword":1,"minecraft:shield":1,"minecraft:string":1,"minecraft:raw_copper":11,"minecraft:deepslate_lapis_ore":4,"minecraft:wooden_sword":3,"minecraft:flint_and_steel":1,"minecraft:iron_leggings":1,"minecraft:beetroot":3,"minecraft:cobbled_deepslate":216,"minecraft:spruce_planks":275,"minecraft:beef":6,"minecraft:oak_boat":4,"minecraft:cobblestone_slab":24,"minecraft:player_head":1,"minecraft:azalea":1,"minecraft:iron_pickaxe":1,"minecraft:raw_copper_block":1,"minecraft:furnace":2,"minecraft:diamond_ore":4,"minecraft:golden_helmet":1,"minecraft:stick":45,"minecraft:raw_iron":49,"minecraft:raw_gold_block":1,"minecraft:oak_fence":10,"minecraft:torch":6,"minecraft:bowl":4,"minecraft:diorite":195,"minecraft:warped_planks":1,"minecraft:carrot":70,"minecraft:golden_chestplate":1,"minecraft:arrow":10,"minecraft:rotten_flesh":15,"minecraft:beetroot_seeds":19,"minecraft:hay_block":27,"minecraft:glowstone":2,"minecraft:blaze_rod":3,"minecraft:mutton":3,"minecraft:snowball":4,"minecraft:emerald_ore":1,"minecraft:cobblestone":518,"minecraft:lapis_ore":2,"minecraft:stripped_oak_log":15,"minecraft:birch_log":18,"minecraft:magma_block":9,"minecraft:feather":2,"minecraft:glow_ink_sac":5,"minecraft:andesite":18,"minecraft:leather":2,"minecraft:red_mushroom":28,"minecraft:potato":28,"minecraft:filled_map":2,"minecraft:mushroom_stew":4,"minecraft:tuff":64,"minecraft:oak_log":56,"minecraft:lily_pad":3,"minecraft:golden_boots":1,"minecraft:cobbled_deepslate_stairs":1,"minecraft:dirt":133,"minecraft:lapis_lazuli":16,"minecraft:stripped_birch_log":2,"minecraft:cooked_mutton":1,"minecraft:glass":6,"minecraft:bone":7,"minecraft:apple":3,"minecraft:large_amethyst_bud":1,"minecraft:wheat_seeds":100,"minecraft:deepslate_emerald_ore":1,"minecraft:cobbled_deepslate_slab":26,"minecraft:stone_pickaxe":2,"minecraft:iron_ingot":6,"minecraft:iron_sword":1,"minecraft:oak_planks":182,"minecraft:warped_wart_block":15,"minecraft:quartz":16,"minecraft:gravel":15,"minecraft:sand":367,"minecraft:small_amethyst_bud":12,"minecraft:spruce_sapling":5,"minecraft:white_bed":4,"minecraft:spruce_log":47,"minecraft:spider_eye":2,"minecraft:diamond":5,"minecraft:iron_helmet":1,"minecraft:diamond_axe":1,"minecraft:granite":32,"minecraft:gray_wool":1,"minecraft:oak_sapling":27,"minecraft:netherrack":3,"minecraft:coal":17},"minecraft:custom":{"minecraft:interact_with_smithing_table":3,"minecraft:mob_kills":33,"minecraft:open_barrel":6,"minecraft:interact_with_crafting_table":55,"minecraft:bell_ring":32,"minecraft:leave_game":8,"minecraft:time_since_death":4040,"minecraft:climb_one_cm":5612,"minecraft:sprint_one_cm":1271067,"minecraft:damage_blocked_by_shield":1454,"minecraft:walk_one_cm":1321323,"minecraft:drop":105,"minecraft:play_time":551190,"minecraft:deaths":26,"minecraft:sneak_time":9366,"minecraft:walk_under_water_one_cm":88974,"minecraft:boat_one_cm":636155,"minecraft:interact_with_brewingstand":1,"minecraft:jump":12572,"minecraft:walk_on_water_one_cm":84329,"minecraft:total_world_time":551190,"minecraft:interact_with_furnace":55,"minecraft:sleep_in_bed":4,"minecraft:time_since_rest":4065,"minecraft:damage_taken":15305,"minecraft:damage_dealt":7545,"minecraft:player_kills":6,"minecraft:swim_one_cm":99288,"minecraft:fly_one_cm":2781730,"minecraft:open_chest":51,"minecraft:crouch_one_cm":29230,"minecraft:fall_one_cm":350810}},"DataVersion":3465}