{"stats":{"minecraft:crafted":{"minecraft:oak_planks":592,"minecraft:cobblestone_stairs":136,"minecraft:diamond_shovel":2,"minecraft:bamboo_block":69,"minecraft:dark_oak_door":3,"minecraft:glass":110,"minecraft:iron_boots":1,"minecraft:chest":6,"minecraft:crafting_table":5,"minecraft:spruce_planks":256,"minecraft:wooden_pickaxe":1,"minecraft:iron_helmet":1,"minecraft:birch_planks":24,"minecraft:campfire":1,"minecraft:bamboo_planks":138,"minecraft:iron_chestplate":2,"minecraft:diamond_pickaxe":1,"minecraft:shield":1,"minecraft:stick":92,"minecraft:iron_ingot":79,"minecraft:iron_pickaxe":9,"minecraft:stone_sword":1,"minecraft:stone_shovel":2,"minecraft:bamboo_mosaic":138,"minecraft:furnace":3,"minecraft:bone_meal":9,"minecraft:pink_dye":64,"minecraft:glass_pane":272,"minecraft:flint_and_steel":1,"minecraft:iron_axe":5,"minecraft:stone_pickaxe":1,"minecraft:dark_oak_planks":1712,"minecraft:golden_helmet":1,"minecraft:cooked_beef":30,"minecraft:iron_sword":3,"minecraft:stone_axe":2,"minecraft:air":0,"minecraft:bamboo_slab":276,"minecraft:pink_stained_glass_pane":128,"minecraft:wooden_axe":1,"minecraft:iron_leggings":2,"minecraft:torch":120},"minecraft:broken":{"minecraft:iron_leggings":1,"minecraft:stone_pickaxe":1,"minecraft:stone_axe":1,"minecraft:iron_sword":1,"minecraft:stone_shovel":1,"minecraft:flint_and_steel":1,"minecraft:iron_axe":4,"minecraft:leather_boots":1,"minecraft:iron_pickaxe":6,"minecraft:iron_helmet":1},"minecraft:dropped":{"minecraft:iron_sword":1,"minecraft:moss_block":10,"minecraft:porkchop":13,"minecraft:lapis_lazuli":8,"minecraft:diamond":2,"minecraft:dark_oak_sapling":6,"minecraft:leather":15,"minecraft:chest_minecart":1,"minecraft:rail":4,"minecraft:cobblestone_stairs":44,"minecraft:flint":1,"minecraft:dirt":1392,"minecraft:dark_oak_log":13,"minecraft:mutton":2,"minecraft:stripped_dark_oak_wood":24,"minecraft:chain":17,"minecraft:sand":18,"minecraft:dark_oak_planks":38,"minecraft:birch_log":9,"minecraft:white_wool":2,"minecraft:gold_ingot":3,"minecraft:bone":3,"minecraft:gravel":9,"minecraft:cobbled_deepslate":22,"minecraft:birch_sapling":1,"minecraft:stripped_dark_oak_log":2,"minecraft:rotten_flesh":4,"minecraft:diamond_shovel":3,"minecraft:beetroot_seeds":12,"minecraft:melon_seeds":7,"minecraft:azalea":5,"minecraft:chest":1,"minecraft:arrow":14,"minecraft:beef":14,"minecraft:netherrack":29,"minecraft:wheat_seeds":19,"minecraft:feather":4,"minecraft:oak_fence":5,"minecraft:cobblestone":102,"minecraft:amethyst_block":9,"minecraft:coal":16,"minecraft:torch":1,"minecraft:wooden_axe":1,"minecraft:string":5,"minecraft:pink_petals":1080,"minecraft:spruce_sapling":1,"minecraft:smooth_basalt":12,"minecraft:redstone":4,"minecraft:bamboo_planks":1,"minecraft:moss_carpet":7,"minecraft:stone_sword":2,"minecraft:dark_oak_sign":1,"minecraft:raw_copper":12,"minecraft:tuff":18,"minecraft:raw_iron":14,"minecraft:stone_shovel":1,"minecraft:chicken":4,"minecraft:light_gray_wool":1,"minecraft:clay_ball":2,"minecraft:stone_slab":1,"minecraft:white_terracotta":4,"minecraft:filled_map":2,"minecraft:potato":3,"minecraft:mud_bricks":4,"minecraft:spruce_planks":3,"minecraft:iron_chestplate":1,"minecraft:andesite":6,"minecraft:oak_sapling":11,"minecraft:spider_eye":1,"minecraft:bow":1,"minecraft:stone_pickaxe":1,"minecraft:wooden_pickaxe":2,"minecraft:raw_gold":2,"minecraft:nautilus_shell":1},"minecraft:mined":{"minecraft:dark_oak_planks":17,"minecraft:spruce_planks":3,"minecraft:white_bed":4,"minecraft:jungle_slab":48,"minecraft:cherry_log":23,"minecraft:cobblestone_stairs":2,"minecraft:granite":27,"minecraft:budding_amethyst":1,"minecraft:grass_block":2055,"minecraft:deepslate_bricks":1,"minecraft:bamboo_block":1,"minecraft:magma_block":34,"minecraft:dark_oak_trapdoor":14,"minecraft:iron_ore":114,"minecraft:fire":55,"minecraft:deepslate_lapis_ore":1,"minecraft:stripped_dark_oak_wood":7,"minecraft:azure_bluet":1,"minecraft:azalea_leaves":1,"minecraft:azalea":3,"minecraft:deepslate_redstone_ore":1,"minecraft:blackstone":7,"minecraft:torch":13,"minecraft:calcite":9,"minecraft:polished_andesite_stairs":1,"minecraft:chest":10,"minecraft:nether_quartz_ore":1,"minecraft:cobblestone":22,"minecraft:bamboo_mosaic":66,"minecraft:oak_planks":91,"minecraft:sugar_cane":1,"minecraft:wall_torch":5,"minecraft:amethyst_block":9,"minecraft:pink_petals":415,"minecraft:chain":15,"minecraft:birch_log":31,"minecraft:grass":352,"minecraft:oak_log":110,"minecraft:sand":221,"minecraft:dirt":963,"minecraft:smooth_basalt":16,"minecraft:red_mushroom_block":2,"minecraft:netherrack":534,"minecraft:oak_leaves":52,"minecraft:deepslate":38,"minecraft:tuff":10,"minecraft:dark_oak_leaves":67,"minecraft:deepslate_diamond_ore":8,"minecraft:dark_oak_log":647,"minecraft:dark_oak_fence":1,"minecraft:furnace":3,"minecraft:andesite":4,"minecraft:potatoes":90,"minecraft:deepslate_iron_ore":19,"minecraft:rail":1,"minecraft:stripped_jungle_log":21,"minecraft:bamboo":79,"minecraft:stone":1043,"minecraft:flowering_azalea":1,"minecraft:soul_sand":3,"minecraft:stripped_dark_oak_log":1,"minecraft:oak_fence":9,"minecraft:crafting_table":2,"minecraft:emerald_ore":5,"minecraft:sculk_sensor":1,"minecraft:copper_ore":11,"minecraft:tall_grass":47,"minecraft:lapis_ore":15,"minecraft:red_concrete":11,"minecraft:sculk":2,"minecraft:big_dripleaf":1,"minecraft:dark_oak_wall_sign":3,"minecraft:spruce_log":3,"minecraft:birch_leaves":3,"minecraft:coal_ore":171,"minecraft:cherry_leaves":53,"minecraft:gravel":26,"minecraft:cobweb":36,"minecraft:bamboo_mosaic_stairs":3,"minecraft:small_dripleaf":1,"minecraft:gold_ore":2,"minecraft:deepslate_emerald_ore":1,"minecraft:fern":2},"minecraft:custom":{"minecraft:interact_with_crafting_table":85,"minecraft:open_barrel":3,"minecraft:leave_game":12,"minecraft:time_since_death":34319,"minecraft:sprint_one_cm":1291589,"minecraft:damage_blocked_by_shield":923,"minecraft:drop":196,"minecraft:play_time":594154,"minecraft:deaths":17,"minecraft:jump":6503,"minecraft:walk_on_water_one_cm":56119,"minecraft:enchant_item":3,"minecraft:interact_with_furnace":60,"minecraft:sleep_in_bed":5,"minecraft:damage_dealt":34064,"minecraft:player_kills":4,"minecraft:crouch_one_cm":111885,"minecraft:interact_with_smoker":11,"minecraft:mob_kills":154,"minecraft:interact_with_campfire":9,"minecraft:climb_one_cm":185,"minecraft:walk_one_cm":1614307,"minecraft:sneak_time":31633,"minecraft:walk_under_water_one_cm":57870,"minecraft:total_world_time":594154,"minecraft:interact_with_stonecutter":1,"minecraft:time_since_rest":34355,"minecraft:damage_taken":12919,"minecraft:swim_one_cm":81954,"minecraft:fly_one_cm":1091104,"minecraft:open_chest":98,"minecraft:fall_one_cm":164719},"minecraft:picked_up":{"minecraft:iron_chestplate":4,"minecraft:stone_slab":1,"minecraft:amethyst_block":9,"minecraft:string":48,"minecraft:raw_copper":61,"minecraft:iron_leggings":5,"minecraft:cobbled_deepslate":37,"minecraft:spruce_planks":6,"minecraft:calcite":9,"minecraft:azalea":6,"minecraft:iron_pickaxe":5,"minecraft:bamboo_mosaic_stairs":1,"minecraft:furnace":3,"minecraft:iron_boots":1,"minecraft:golden_helmet":3,"minecraft:stick":151,"minecraft:oak_fence":13,"minecraft:torch":61,"minecraft:porkchop":36,"minecraft:cherry_log":27,"minecraft:bamboo_block":1,"minecraft:stone_sword":2,"minecraft:rotten_flesh":61,"minecraft:tropical_fish":3,"minecraft:white_terracotta":4,"minecraft:cobblestone":1371,"minecraft:nautilus_shell":1,"minecraft:birch_log":49,"minecraft:pink_petals":3058,"minecraft:magma_block":68,"minecraft:feather":6,"minecraft:cooked_beef":41,"minecraft:cherry_leaves":8,"minecraft:andesite":5,"minecraft:potato":359,"minecraft:flint":2,"minecraft:tuff":18,"minecraft:lapis_lazuli":197,"minecraft:dirt":2695,"minecraft:name_tag":1,"minecraft:bone":32,"minecraft:bow":1,"minecraft:wheat_seeds":130,"minecraft:raw_gold":4,"minecraft:dark_oak_sign":1,"minecraft:bamboo":627,"minecraft:moss_block":10,"minecraft:oak_planks":316,"minecraft:cooked_porkchop":15,"minecraft:poisonous_potato":1,"minecraft:sand":87,"minecraft:jungle_slab":33,"minecraft:dark_oak_log":785,"minecraft:diamond":10,"minecraft:granite":38,"minecraft:emerald":7,"minecraft:oak_sapling":28,"minecraft:netherrack":951,"minecraft:dark_oak_fence":1,"minecraft:diamond_pickaxe":6,"minecraft:crafting_table":2,"minecraft:azure_bluet":1,"minecraft:chicken":13,"minecraft:clay_ball":4,"minecraft:chest_minecart":5,"minecraft:wooden_pickaxe":1,"minecraft:chain":37,"minecraft:shield":6,"minecraft:moss_carpet":12,"minecraft:iron_axe":1,"minecraft:flint_and_steel":5,"minecraft:iron_shovel":1,"minecraft:blackstone":14,"minecraft:beef":45,"minecraft:light_gray_wool":1,"minecraft:chest":14,"minecraft:birch_sapling":6,"minecraft:diamond_hoe":1,"minecraft:dark_oak_sapling":11,"minecraft:raw_iron":133,"minecraft:redstone":4,"minecraft:dark_oak_planks":111,"minecraft:arrow":37,"minecraft:stone_shovel":3,"minecraft:beetroot_seeds":12,"minecraft:deepslate_bricks":1,"minecraft:stripped_dark_oak_wood":49,"minecraft:gold_ingot":22,"minecraft:mutton":17,"minecraft:rail":20,"minecraft:white_wool":13,"minecraft:mud_bricks":4,"minecraft:leather":38,"minecraft:filled_map":1,"minecraft:oak_log":116,"minecraft:gunpowder":2,"minecraft:cobblestone_stairs":90,"minecraft:cooked_mutton":3,"minecraft:apple":6,"minecraft:iron_ingot":37,"minecraft:stone_pickaxe":3,"minecraft:cooked_chicken":2,"minecraft:soul_sand":6,"minecraft:iron_sword":5,"minecraft:polished_andesite_stairs":1,"minecraft:smooth_basalt":24,"minecraft:bamboo_planks":2,"minecraft:quartz":11,"minecraft:gravel":13,"minecraft:spruce_sapling":2,"minecraft:white_bed":4,"minecraft:spider_eye":3,"minecraft:bamboo_mosaic":148,"minecraft:stripped_jungle_log":21,"minecraft:diamond_shovel":3,"minecraft:stone_axe":2,"minecraft:iron_helmet":5,"minecraft:cherry_sapling":12,"minecraft:melon_seeds":7,"minecraft:red_concrete":7,"minecraft:stripped_dark_oak_log":3,"minecraft:coal":174},"minecraft:killed_by":{"minecraft:wither_skeleton":1,"minecraft:player":1,"minecraft:warden":7,"minecraft:skeleton":3},"minecraft:killed":{"minecraft:cave_spider":1,"minecraft:spider":13,"minecraft:skeleton":27,"minecraft:bee":1,"minecraft:chicken":10,"minecraft:pig":11,"minecraft:zombie_villager":2,"minecraft:creeper":5,"minecraft:sheep":5,"minecraft:pillager":1,"minecraft:zombie":50,"minecraft:cow":19,"minecraft:bat":1,"minecraft:wither_skeleton":1},"minecraft:used":{"minecraft:cherry_sapling":1,"minecraft:iron_shovel":6,"minecraft:diamond_hoe":57,"minecraft:chest":17,"minecraft:shield":22,"minecraft:iron_sword":812,"minecraft:rotten_flesh":28,"minecraft:soul_sand":1,"minecraft:mutton":3,"minecraft:stripped_dark_oak_wood":25,"minecraft:polished_andesite_stairs":1,"minecraft:iron_helmet":1,"minecraft:bow":11,"minecraft:oak_sapling":1,"minecraft:furnace":6,"minecraft:potato":145,"minecraft:dark_oak_sapling":1,"minecraft:bamboo_mosaic":267,"minecraft:stone_pickaxe":185,"minecraft:oak_planks":469,"minecraft:wooden_pickaxe":13,"minecraft:sand":4,"minecraft:dark_oak_log":249,"minecraft:bread":2,"minecraft:diamond_sword":91,"minecraft:andesite":1,"minecraft:bone_meal":9,"minecraft:stone_sword":96,"minecraft:flint_and_steel":64,"minecraft:stone_shovel":239,"minecraft:spruce_planks":12,"minecraft:netherrack":111,"minecraft:torch":183,"minecraft:dirt":654,"minecraft:granite":11,"minecraft:dark_oak_planks":182,"minecraft:iron_axe":1018,"minecraft:pink_stained_glass_pane":128,"minecraft:cooked_beef":52,"minecraft:iron_leggings":2,"minecraft:cooked_mutton":3,"minecraft:cobblestone_stairs":116,"minecraft:baked_potato":27,"minecraft:deepslate_bricks":65,"minecraft:stripped_dark_oak_log":1,"minecraft:crafting_table":7,"minecraft:bamboo_block":1,"minecraft:white_bed":4,"minecraft:campfire":1,"minecraft:dark_oak_door":2,"minecraft:oak_log":4,"minecraft:diamond_pickaxe":440,"minecraft:diamond_shovel":3007,"minecraft:iron_pickaxe":1586,"minecraft:spruce_sapling":1,"minecraft:stone_axe":246,"minecraft:cobblestone":506,"minecraft:cooked_porkchop":9,"minecraft:porkchop":4}},"DataVersion":3465}