{"stats":{"minecraft:custom":{"minecraft:time_since_rest":11369,"minecraft:crouch_one_cm":3795,"minecraft:sprint_one_cm":7706,"minecraft:play_time":11369,"minecraft:walk_one_cm":18981,"minecraft:sneak_time":819,"minecraft:jump":16,"minecraft:leave_game":1,"minecraft:time_since_death":11369,"minecraft:total_world_time":11369,"minecraft:fly_one_cm":21459},"minecraft:mined":{"minecraft:grass_block":5,"minecraft:dirt":2},"minecraft:used":{"minecraft:deepslate_bricks":100,"minecraft:dark_oak_stairs":5,"minecraft:torch":2,"minecraft:diorite":9,"minecraft:dirt":37,"minecraft:amethyst_block":38,"minecraft:stripped_dark_oak_wood":2,"minecraft:anvil":2,"minecraft:diamond_shovel":9,"minecraft:white_carpet":5,"minecraft:pig_spawn_egg":9,"minecraft:chicken_spawn_egg":11,"minecraft:composter":1,"minecraft:cherry_leaves":2,"minecraft:smooth_quartz":13,"minecraft:flowering_azalea_leaves":2},"minecraft:picked_up":{"minecraft:pink_petals":26,"minecraft:torch":2,"minecraft:dirt":7}},"DataVersion":3465}