{"stats":{"minecraft:used":{"minecraft:cherry_sapling":3,"minecraft:iron_shovel":502,"minecraft:dispenser":1,"minecraft:oak_sign":5,"minecraft:chest":23,"minecraft:shield":63,"minecraft:iron_sword":554,"minecraft:player_head":2,"minecraft:rotten_flesh":36,"minecraft:iron_chestplate":1,"minecraft:jungle_planks":6,"minecraft:jungle_slab":99,"minecraft:tuff":6,"minecraft:obsidian":20,"minecraft:lava_bucket":12,"minecraft:stripped_dark_oak_wood":1078,"minecraft:grass_block":165,"minecraft:lantern":38,"minecraft:red_wool":64,"minecraft:polished_andesite_stairs":3,"minecraft:quartz_block":2,"minecraft:iron_helmet":1,"minecraft:dark_oak_slab":312,"minecraft:dark_oak_button":64,"minecraft:stone_brick_stairs":46,"minecraft:stone_bricks":405,"minecraft:bow":11,"minecraft:furnace":19,"minecraft:gold_block":422,"minecraft:potato":264,"minecraft:dark_oak_stairs":563,"minecraft:bamboo_mosaic":841,"minecraft:cow_spawn_egg":33,"minecraft:stone_pickaxe":179,"minecraft:dark_oak_sign":404,"minecraft:oak_planks":319,"minecraft:wooden_pickaxe":3,"minecraft:diamond_axe":238,"minecraft:smooth_quartz_stairs":287,"minecraft:dark_oak_trapdoor":644,"minecraft:black_banner":4,"minecraft:chiseled_quartz_block":14,"minecraft:shears":76,"minecraft:deepslate_tiles":14,"minecraft:dark_oak_log":3,"minecraft:lectern":1,"minecraft:deepslate":1,"minecraft:gravel":9,"minecraft:polished_andesite_slab":8,"minecraft:diamond_sword":5,"minecraft:grindstone":4,"minecraft:dark_oak_fence":374,"minecraft:chain":34,"minecraft:smooth_stone_slab":1,"minecraft:oak_boat":4,"minecraft:warped_button":87,"minecraft:coarse_dirt":2,"minecraft:bone_meal":84,"minecraft:oak_fence":1,"minecraft:oak_trapdoor":374,"minecraft:enchanting_table":3,"minecraft:flint_and_steel":57,"minecraft:red_concrete":1225,"minecraft:stone_shovel":59,"minecraft:spruce_planks":3,"minecraft:ender_chest":1,"minecraft:stone_hoe":137,"minecraft:torch":34,"minecraft:dirt":1523,"minecraft:anvil":1,"minecraft:birch_door":1,"minecraft:stone_brick_slab":28,"minecraft:dark_oak_planks":55,"minecraft:bookshelf":36,"minecraft:iron_block":9,"minecraft:iron_axe":421,"minecraft:oak_stairs":3,"minecraft:iron_boots":2,"minecraft:smooth_quartz":532,"minecraft:mud_bricks":6,"minecraft:barrel":15,"minecraft:bamboo":99,"minecraft:light_gray_wool":1,"minecraft:glowstone":31,"minecraft:cooked_beef":99,"minecraft:cobbled_deepslate":152,"minecraft:cherry_fence":83,"minecraft:turtle_egg":1,"minecraft:iron_leggings":1,"minecraft:pointed_dripstone":8,"minecraft:calcite":4,"minecraft:cooked_mutton":4,"minecraft:chiseled_bookshelf":6,"minecraft:yellow_banner":3,"minecraft:water_bucket":136,"minecraft:amethyst_block":2,"minecraft:polished_andesite":2,"minecraft:baked_potato":17,"minecraft:cauldron":15,"minecraft:stonecutter":1,"minecraft:sheep_spawn_egg":39,"minecraft:deepslate_bricks":744,"minecraft:bamboo_mosaic_stairs":42,"minecraft:diamond_block":4,"minecraft:stripped_dark_oak_log":211,"minecraft:dark_prismarine_slab":3,"minecraft:crafting_table":19,"minecraft:campfire":1,"minecraft:white_bed":4,"minecraft:dark_oak_fence_gate":225,"minecraft:smoker":3,"minecraft:spruce_log":1,"minecraft:oak_log":8,"minecraft:dark_prismarine":1,"minecraft:diamond_pickaxe":1148,"minecraft:warped_trapdoor":126,"minecraft:diamond_shovel":217,"minecraft:stripped_jungle_log":49,"minecraft:iron_pickaxe":334,"minecraft:jungle_stairs":2,"minecraft:stone_axe":122,"minecraft:pink_petals":1,"minecraft:fishing_rod":6,"minecraft:cobblestone":556,"minecraft:orange_banner":5,"minecraft:white_banner":1,"minecraft:cooked_porkchop":7,"minecraft:red_banner":2,"minecraft:bucket":101,"minecraft:glass_pane":52,"minecraft:sculk_catalyst":1},"minecraft:picked_up":{"minecraft:wooden_axe":1,"minecraft:iron_chestplate":4,"minecraft:creeper_head":1,"minecraft:nether_brick_fence":48,"minecraft:lead":9,"minecraft:amethyst_block":26,"minecraft:dead_tube_coral_block":2,"minecraft:string":108,"minecraft:dark_oak_trapdoor":42,"minecraft:raw_copper":36,"minecraft:iron_leggings":3,"minecraft:zombie_head":10,"minecraft:diamond_leggings":2,"minecraft:gold_nugget":4,"minecraft:cobbled_deepslate":747,"minecraft:spruce_planks":17,"minecraft:smooth_quartz":14,"minecraft:calcite":25,"minecraft:azalea":3,"minecraft:iron_pickaxe":5,"minecraft:coal_block":256,"minecraft:iron_boots":2,"minecraft:furnace":22,"minecraft:stick":59,"minecraft:oak_fence":33,"minecraft:torch":12,"minecraft:porkchop":49,"minecraft:cherry_log":111,"minecraft:pointed_dripstone":2,"minecraft:cauldron":3,"minecraft:stone_sword":1,"minecraft:rotten_flesh":74,"minecraft:iron_block":6,"minecraft:cyan_terracotta":3,"minecraft:white_terracotta":12,"minecraft:blaze_rod":5,"minecraft:obsidian":24,"minecraft:cobblestone":904,"minecraft:nautilus_shell":1,"minecraft:birch_log":128,"minecraft:enchanting_table":2,"minecraft:pink_petals":2002,"minecraft:feather":17,"minecraft:cooked_beef":142,"minecraft:cherry_leaves":72,"minecraft:water_bucket":4,"minecraft:andesite":2,"minecraft:potato":569,"minecraft:flint":5,"minecraft:tuff":120,"minecraft:wither_skeleton_skull":8,"minecraft:dirt":1998,"minecraft:lapis_lazuli":67,"minecraft:lantern":1,"minecraft:name_tag":2,"minecraft:bone":74,"minecraft:stonecutter":1,"minecraft:bow":4,"minecraft:wheat_seeds":62,"minecraft:raw_gold":39,"minecraft:grindstone":1,"minecraft:dark_oak_sign":11,"minecraft:glowstone_dust":8,"minecraft:bamboo":228,"minecraft:moss_block":5,"minecraft:oak_planks":241,"minecraft:cooked_porkchop":14,"minecraft:jungle_planks":2,"minecraft:sand":122,"minecraft:stripped_spruce_log":1,"minecraft:grass_block":1,"minecraft:diamond_block":3,"minecraft:jungle_slab":1,"minecraft:dark_oak_log":97,"minecraft:dispenser":1,"minecraft:diamond":117,"minecraft:granite":1,"minecraft:emerald":1,"minecraft:oak_sapling":6,"minecraft:netherrack":2,"minecraft:dark_oak_fence":1,"minecraft:fishing_rod":1,"minecraft:crafting_table":15,"minecraft:coarse_dirt":6,"minecraft:chicken":20,"minecraft:nether_wart":22,"minecraft:clay_ball":117,"minecraft:wooden_pickaxe":1,"minecraft:gold_block":21,"minecraft:chain":31,"minecraft:shield":3,"minecraft:moss_carpet":4,"minecraft:iron_axe":5,"minecraft:flint_and_steel":3,"minecraft:beef":56,"minecraft:oak_boat":6,"minecraft:player_head":9,"minecraft:light_gray_wool":1,"minecraft:sugar_cane":120,"minecraft:chest":16,"minecraft:phantom_membrane":2,"minecraft:dark_oak_sapling":2,"minecraft:raw_iron":110,"minecraft:stone":2,"minecraft:redstone":77,"minecraft:dark_oak_planks":3,"minecraft:arrow":101,"minecraft:diamond_chestplate":2,"minecraft:jungle_stairs":1,"minecraft:nether_bricks":33,"minecraft:diamond_boots":2,"minecraft:stripped_dark_oak_wood":53,"minecraft:mutton":22,"minecraft:white_wool":13,"minecraft:skeleton_skull":6,"minecraft:rail":9,"minecraft:basalt":11,"minecraft:mud_bricks":18,"minecraft:dark_oak_button":3,"minecraft:glow_ink_sac":1,"minecraft:leather":57,"minecraft:filled_map":1,"minecraft:oak_log":173,"minecraft:gunpowder":17,"minecraft:white_banner":1,"minecraft:cooked_mutton":8,"minecraft:iron_ingot":19,"minecraft:soul_sand":16,"minecraft:iron_sword":6,"minecraft:flowering_azalea":1,"minecraft:dark_oak_stairs":7,"minecraft:sculk_catalyst":2,"minecraft:book":39,"minecraft:smooth_basalt":14,"minecraft:dark_oak_slab":1,"minecraft:pumpkin":2,"minecraft:quartz":278,"minecraft:gravel":38,"minecraft:lava_bucket":4,"minecraft:amethyst_shard":100,"minecraft:white_bed":2,"minecraft:spruce_log":14,"minecraft:spider_eye":12,"minecraft:bamboo_mosaic":4,"minecraft:diamond_shovel":4,"minecraft:slime_ball":2,"minecraft:stone_axe":1,"minecraft:iron_helmet":6,"minecraft:diamond_axe":1,"minecraft:cherry_sapling":76,"minecraft:stripped_dark_oak_log":1,"minecraft:red_concrete":15,"minecraft:coal":327,"minecraft:ender_pearl":1},"minecraft:mined":{"minecraft:dark_oak_planks":1,"minecraft:spruce_planks":3,"minecraft:white_bed":2,"minecraft:jungle_slab":1,"minecraft:cherry_log":142,"minecraft:obsidian":24,"minecraft:granite":1,"minecraft:grass_block":522,"minecraft:dead_tube_coral_block":1,"minecraft:mud_bricks":10,"minecraft:nether_wart":20,"minecraft:sculk_catalyst":1,"minecraft:dark_oak_trapdoor":45,"minecraft:fire":38,"minecraft:iron_ore":25,"minecraft:cobbled_deepslate":13,"minecraft:pumpkin":2,"minecraft:deepslate_lapis_ore":1,"minecraft:stripped_dark_oak_wood":29,"minecraft:dark_oak_stairs":7,"minecraft:enchanting_table":2,"minecraft:sculk_shrieker":1,"minecraft:pointed_dripstone":1,"minecraft:azalea":1,"minecraft:iron_block":6,"minecraft:deepslate_redstone_ore":17,"minecraft:cyan_terracotta":1,"minecraft:amethyst_cluster":27,"minecraft:blue_stained_glass":1,"minecraft:clay":3,"minecraft:torch":7,"minecraft:jungle_stairs":1,"minecraft:calcite":23,"minecraft:chest":14,"minecraft:cobblestone":263,"minecraft:bamboo_mosaic":5,"minecraft:grindstone":1,"minecraft:sugar_cane":28,"minecraft:oak_planks":62,"minecraft:wall_torch":1,"minecraft:amethyst_block":27,"minecraft:pink_petals":544,"minecraft:white_terracotta":4,"minecraft:chain":49,"minecraft:dark_oak_slab":4,"minecraft:grass":244,"minecraft:oak_log":18,"minecraft:dirt":212,"minecraft:sand":105,"minecraft:smooth_quartz":24,"minecraft:smooth_basalt":11,"minecraft:stonecutter":1,"minecraft:netherrack":1,"minecraft:oak_leaves":1,"minecraft:deepslate":590,"minecraft:diamond_ore":3,"minecraft:tuff":13,"minecraft:dark_oak_leaves":2,"minecraft:deepslate_diamond_ore":60,"minecraft:stripped_cherry_log":2,"minecraft:dark_oak_log":83,"minecraft:nether_bricks":35,"minecraft:jungle_planks":2,"minecraft:furnace":16,"minecraft:stripped_spruce_log":1,"minecraft:diamond_block":3,"minecraft:gold_block":22,"minecraft:nether_brick_fence":49,"minecraft:bookshelf":12,"minecraft:potatoes":158,"minecraft:deepslate_iron_ore":66,"minecraft:rail":3,"minecraft:packed_ice":1,"minecraft:bamboo":5,"minecraft:stone":124,"minecraft:glass_pane":2,"minecraft:soul_sand":11,"minecraft:stripped_dark_oak_log":3,"minecraft:basalt":11,"minecraft:oak_fence":7,"minecraft:crafting_table":13,"minecraft:copper_ore":5,"minecraft:tall_grass":23,"minecraft:deepslate_gold_ore":28,"minecraft:red_concrete":15,"minecraft:air":260,"minecraft:coarse_dirt":2,"minecraft:dark_oak_wall_sign":3,"minecraft:birch_leaves":2,"minecraft:coal_ore":58,"minecraft:dark_oak_button":2,"minecraft:cherry_leaves":1355,"minecraft:gravel":20,"minecraft:cobweb":11,"minecraft:fern":2},"minecraft:killed":{"minecraft:cave_spider":3,"minecraft:zombified_piglin":1,"minecraft:witch":1,"minecraft:spider":32,"minecraft:skeleton":57,"minecraft:chicken":7,"minecraft:pig":5,"minecraft:zombie_villager":2,"minecraft:creeper":9,"minecraft:sheep":12,"minecraft:pillager":4,"minecraft:zombie":86,"minecraft:blaze":15,"minecraft:cow":22,"minecraft:phantom":2,"minecraft:horse":1,"minecraft:drowned":5,"minecraft:warden":2,"minecraft:wither_skeleton":10,"minecraft:enderman":3},"minecraft:crafted":{"minecraft:grindstone":3,"minecraft:oak_planks":380,"minecraft:stone":4,"minecraft:bookshelf":33,"minecraft:bamboo_block":2,"minecraft:quartz_block":16,"minecraft:glass":17,"minecraft:diamond_helmet":1,"minecraft:diamond_leggings":1,"minecraft:bow":5,"minecraft:iron_boots":3,"minecraft:chest":6,"minecraft:birch_door":3,"minecraft:stone_hoe":1,"minecraft:golden_boots":1,"minecraft:smoker":3,"minecraft:cauldron":5,"minecraft:smooth_quartz":11,"minecraft:diamond_axe":1,"minecraft:crafting_table":7,"minecraft:spruce_planks":4,"minecraft:wooden_pickaxe":1,"minecraft:baked_potato":197,"minecraft:iron_helmet":3,"minecraft:gold_block":9,"minecraft:birch_planks":44,"minecraft:campfire":1,"minecraft:dispenser":2,"minecraft:bamboo_planks":4,"minecraft:iron_chestplate":2,"minecraft:book":33,"minecraft:paper":102,"minecraft:diamond_pickaxe":2,"minecraft:shield":2,"minecraft:stick":69,"minecraft:stone_slab":4,"minecraft:iron_ingot":111,"minecraft:iron_pickaxe":4,"minecraft:iron_block":5,"minecraft:gold_ingot":91,"minecraft:deepslate_bricks":300,"minecraft:shears":1,"minecraft:cherry_planks":256,"minecraft:stone_shovel":1,"minecraft:bamboo_mosaic":3,"minecraft:furnace":6,"minecraft:dark_oak_trapdoor":190,"minecraft:bone_meal":57,"minecraft:diamond_block":1,"minecraft:glass_pane":32,"minecraft:flint_and_steel":1,"minecraft:polished_deepslate":300,"minecraft:iron_axe":4,"minecraft:cherry_stairs":40,"minecraft:stone_pickaxe":2,"minecraft:diamond_boots":1,"minecraft:cooked_beef":24,"minecraft:enchanting_table":1,"minecraft:iron_sword":3,"minecraft:bucket":7,"minecraft:stone_axe":2,"minecraft:air":0,"minecraft:bamboo_slab":6,"minecraft:oak_boat":1,"minecraft:iron_shovel":2,"minecraft:iron_leggings":2,"minecraft:anvil":1,"minecraft:white_bed":2,"minecraft:torch":40,"minecraft:diamond_chestplate":1},"minecraft:dropped":{"minecraft:iron_sword":4,"minecraft:moss_block":5,"minecraft:birch_planks":14,"minecraft:dark_oak_stairs":1,"minecraft:diamond_axe":2,"minecraft:lapis_lazuli":59,"minecraft:cooked_beef":47,"minecraft:oak_log":128,"minecraft:glow_ink_sac":1,"minecraft:diamond":5,"minecraft:dark_oak_sapling":2,"minecraft:cooked_porkchop":7,"minecraft:leather":1,"minecraft:jungle_planks":1,"minecraft:red_wool":1,"minecraft:rail":4,"minecraft:flint":2,"minecraft:dirt":306,"minecraft:dark_oak_log":128,"minecraft:dispenser":1,"minecraft:dark_oak_fence":2,"minecraft:mutton":5,"minecraft:dark_oak_trapdoor":1,"minecraft:stripped_dark_oak_wood":45,"minecraft:gold_nugget":8,"minecraft:bone_meal":1,"minecraft:iron_pickaxe":1,"minecraft:dark_oak_planks":1,"minecraft:birch_log":128,"minecraft:white_wool":1,"minecraft:bone":6,"minecraft:gravel":16,"minecraft:stone_axe":2,"minecraft:sugar_cane":2,"minecraft:iron_nugget":8,"minecraft:cobbled_deepslate":5,"minecraft:cherry_sapling":74,"minecraft:rotten_flesh":22,"minecraft:oak_planks":10,"minecraft:diamond_shovel":3,"minecraft:gunpowder":4,"minecraft:skeleton_skull":6,"minecraft:azalea":3,"minecraft:chest":9,"minecraft:quartz":53,"minecraft:netherrack":2,"minecraft:dead_tube_coral_block":1,"minecraft:enchanted_book":2,"minecraft:wheat_seeds":41,"minecraft:oak_fence":30,"minecraft:cobblestone":195,"minecraft:iron_helmet":2,"minecraft:tropical_fish":2,"minecraft:coal":31,"minecraft:coal_block":256,"minecraft:stick":16,"minecraft:lava_bucket":1,"minecraft:torch":2,"minecraft:wooden_axe":2,"minecraft:smooth_quartz":1,"minecraft:cherry_planks":4,"minecraft:cooked_salmon":3,"minecraft:zombie_head":10,"minecraft:iron_leggings":1,"minecraft:flowering_azalea":1,"minecraft:white_banner":1,"minecraft:iron_axe":1,"minecraft:string":16,"minecraft:pink_petals":1917,"minecraft:smooth_basalt":5,"minecraft:bamboo_planks":1,"minecraft:red_concrete":1,"minecraft:moss_carpet":4,"minecraft:creeper_head":1,"minecraft:player_head":2,"minecraft:stone_sword":2,"minecraft:dark_oak_sign":1,"minecraft:tuff":206,"minecraft:raw_iron":3,"minecraft:bamboo_mosaic":99,"minecraft:iron_boots":1,"minecraft:filled_map":2,"minecraft:diamond_sword":1,"minecraft:potato":1,"minecraft:stone":2,"minecraft:spruce_planks":3,"minecraft:iron_chestplate":2,"minecraft:andesite":4,"minecraft:oak_sapling":7,"minecraft:stone_bricks":1,"minecraft:spider_eye":7,"minecraft:spruce_log":14,"minecraft:stone_pickaxe":1,"minecraft:wooden_pickaxe":1,"minecraft:nautilus_shell":1},"minecraft:custom":{"minecraft:animals_bred":1,"minecraft:interact_with_crafting_table":154,"minecraft:open_barrel":1,"minecraft:leave_game":46,"minecraft:time_since_death":159905,"minecraft:sprint_one_cm":2511870,"minecraft:damage_blocked_by_shield":2383,"minecraft:drop":259,"minecraft:play_time":1108306,"minecraft:deaths":13,"minecraft:jump":13367,"minecraft:walk_on_water_one_cm":109875,"minecraft:enchant_item":20,"minecraft:interact_with_furnace":159,"minecraft:sleep_in_bed":9,"minecraft:damage_dealt":57320,"minecraft:player_kills":2,"minecraft:crouch_one_cm":334125,"minecraft:interact_with_smoker":19,"minecraft:use_cauldron":7,"minecraft:inspect_dispenser":1,"minecraft:mob_kills":282,"minecraft:interact_with_anvil":3,"minecraft:fill_cauldron":2,"minecraft:interact_with_campfire":33,"minecraft:climb_one_cm":278,"minecraft:walk_one_cm":2099131,"minecraft:sneak_time":87200,"minecraft:walk_under_water_one_cm":109103,"minecraft:boat_one_cm":15705,"minecraft:total_world_time":1108306,"minecraft:interact_with_grindstone":4,"minecraft:interact_with_stonecutter":3,"minecraft:time_since_rest":58907,"minecraft:damage_taken":13232,"minecraft:swim_one_cm":172216,"minecraft:fly_one_cm":4176168,"minecraft:open_chest":458,"minecraft:fall_one_cm":388384},"minecraft:killed_by":{"minecraft:player":1,"minecraft:warden":6,"minecraft:skeleton":1},"minecraft:broken":{"minecraft:iron_shovel":1,"minecraft:stone_pickaxe":1,"minecraft:stone_axe":1,"minecraft:stone_hoe":1,"minecraft:iron_axe":2,"minecraft:iron_pickaxe":1}},"DataVersion":3465}