{"stats":{"minecraft:killed":{"minecraft:spider":1,"minecraft:creeper":1,"minecraft:sheep":3,"minecraft:skeleton":3,"minecraft:pillager":2,"minecraft:zombie":5,"minecraft:fox":1,"minecraft:chicken":1},"minecraft:crafted":{"minecraft:cooked_beef":1,"minecraft:wooden_sword":1,"minecraft:oak_planks":44,"minecraft:cooked_porkchop":4,"minecraft:crafting_table":2,"minecraft:spruce_planks":20,"minecraft:iron_helmet":1,"minecraft:wooden_pickaxe":1,"minecraft:cooked_chicken":1,"minecraft:iron_sword":1,"minecraft:furnace":1,"minecraft:copper_ingot":18,"minecraft:stone_axe":1,"minecraft:cooked_mutton":6,"minecraft:air":0,"minecraft:iron_boots":1,"minecraft:iron_chestplate":1,"minecraft:shield":1,"minecraft:stick":20,"minecraft:iron_ingot":40,"minecraft:iron_pickaxe":1,"minecraft:stone_pickaxe":1,"minecraft:wooden_axe":1,"minecraft:iron_leggings":1,"minecraft:oak_button":1,"minecraft:torch":4},"minecraft:mined":{"minecraft:deepslate_diamond_ore":4,"minecraft:torch":1,"minecraft:crafting_table":4,"minecraft:granite":1,"minecraft:tall_grass":1,"minecraft:deepslate_gold_ore":3,"minecraft:lapis_ore":2,"minecraft:diorite":1,"minecraft:wall_torch":1,"minecraft:furnace":3,"minecraft:iron_ore":29,"minecraft:deepslate_lapis_ore":2,"minecraft:grass":3,"minecraft:coal_ore":17,"minecraft:oak_log":11,"minecraft:deepslate_iron_ore":18,"minecraft:cobweb":14,"minecraft:stone":13,"minecraft:oak_leaves":2,"minecraft:deepslate":11},"minecraft:dropped":{"minecraft:moss_carpet":2,"minecraft:wheat_seeds":2,"minecraft:wooden_axe":1},"minecraft:custom":{"minecraft:interact_with_furnace":35,"minecraft:mob_kills":17,"minecraft:interact_with_crafting_table":17,"minecraft:leave_game":2,"minecraft:time_since_death":49515,"minecraft:sleep_in_bed":2,"minecraft:climb_one_cm":1131,"minecraft:time_since_rest":33474,"minecraft:sprint_one_cm":100738,"minecraft:damage_taken":971,"minecraft:walk_one_cm":71632,"minecraft:damage_blocked_by_shield":190,"minecraft:drop":5,"minecraft:damage_dealt":3009,"minecraft:swim_one_cm":6475,"minecraft:fly_one_cm":159562,"minecraft:open_chest":22,"minecraft:crouch_one_cm":979,"minecraft:play_time":49515,"minecraft:sneak_time":547,"minecraft:walk_under_water_one_cm":10835,"minecraft:jump":912,"minecraft:walk_on_water_one_cm":10732,"minecraft:total_world_time":49515,"minecraft:fall_one_cm":21600},"minecraft:used":{"minecraft:cooked_mutton":6,"minecraft:diorite":1,"minecraft:stone_pickaxe":10,"minecraft:oak_planks":11,"minecraft:wooden_pickaxe":2,"minecraft:shield":6,"minecraft:iron_sword":46,"minecraft:cooked_chicken":1,"minecraft:rotten_flesh":2,"minecraft:torch":5,"minecraft:crafting_table":5,"minecraft:granite":1,"minecraft:wooden_axe":8,"minecraft:oak_button":1,"minecraft:iron_pickaxe":95,"minecraft:iron_helmet":1,"minecraft:stone_axe":2,"minecraft:wooden_sword":31,"minecraft:cobblestone":4,"minecraft:furnace":3,"minecraft:cooked_porkchop":4,"minecraft:egg":1,"minecraft:cooked_beef":1,"minecraft:cobbled_deepslate":4,"minecraft:iron_leggings":1},"minecraft:picked_up":{"minecraft:crafting_table":4,"minecraft:feather":2,"minecraft:chicken":1,"minecraft:oak_log":11,"minecraft:lapis_lazuli":28,"minecraft:string":10,"minecraft:moss_carpet":2,"minecraft:white_banner":1,"minecraft:bone":2,"minecraft:wheat_seeds":2,"minecraft:cobbled_deepslate":10,"minecraft:raw_gold":3,"minecraft:beef":1,"minecraft:light_gray_wool":1,"minecraft:iron_sword":1,"minecraft:egg":1,"minecraft:furnace":3,"minecraft:raw_iron":47,"minecraft:torch":2,"minecraft:diorite":1,"minecraft:arrow":2,"minecraft:rotten_flesh":2,"minecraft:diamond":4,"minecraft:tropical_fish":1,"minecraft:granite":1,"minecraft:mutton":6,"minecraft:coal":31,"minecraft:white_wool":2,"minecraft:cobblestone":26}},"DataVersion":3465}