{"stats":{"minecraft:mined":{"minecraft:stripped_warped_stem":2,"minecraft:spruce_planks":54,"minecraft:white_bed":2,"minecraft:oak_sapling":1,"minecraft:cobblestone_stairs":4,"minecraft:sculk_vein":1,"minecraft:obsidian":6,"minecraft:spruce_trapdoor":16,"minecraft:acacia_log":22,"minecraft:grass_block":10,"minecraft:white_concrete":70,"minecraft:coal_block":1,"minecraft:mud_brick_wall":3,"minecraft:nether_wart":20,"minecraft:magma_block":11,"minecraft:glowstone":12,"minecraft:cobbled_deepslate":15,"minecraft:fire":50,"minecraft:iron_ore":61,"minecraft:deepslate_lapis_ore":2,"minecraft:polished_deepslate_slab":63,"minecraft:dirt_path":1,"minecraft:spruce_slab":9,"minecraft:deepslate_redstone_ore":11,"minecraft:brown_mushroom":2,"minecraft:polished_deepslate_stairs":37,"minecraft:chest":1,"minecraft:mushroom_stem":5,"minecraft:spruce_wall_sign":8,"minecraft:nether_quartz_ore":3,"minecraft:cobblestone":15,"minecraft:sugar_cane":50,"minecraft:seagrass":1,"minecraft:warped_planks":4,"minecraft:birch_log":71,"minecraft:grass":32,"minecraft:oak_log":25,"minecraft:sand":103,"minecraft:dirt":81,"minecraft:red_mushroom_block":31,"minecraft:stonecutter":1,"minecraft:netherrack":9,"minecraft:oak_leaves":302,"minecraft:deepslate":371,"minecraft:diamond_ore":1,"minecraft:tuff":1,"minecraft:mossy_cobblestone":1,"minecraft:deepslate_diamond_ore":30,"minecraft:stripped_birch_log":20,"minecraft:nether_bricks":18,"minecraft:ladder":13,"minecraft:spruce_fence":4,"minecraft:spruce_leaves":1414,"minecraft:moss_block":1,"minecraft:hay_block":34,"minecraft:furnace":9,"minecraft:spruce_sapling":10,"minecraft:carrots":11,"minecraft:nether_sprouts":1,"minecraft:stripped_spruce_log":12,"minecraft:nether_brick_fence":31,"minecraft:polished_deepslate":53,"minecraft:rail":1,"minecraft:cobblestone_slab":5,"minecraft:deepslate_iron_ore":11,"minecraft:warped_stem":69,"minecraft:stripped_acacia_log":1,"minecraft:stripped_oak_log":14,"minecraft:stone":363,"minecraft:podzol":8,"minecraft:acacia_leaves":78,"minecraft:soul_sand":20,"minecraft:snow_block":54,"minecraft:dandelion":1,"minecraft:spruce_door":5,"minecraft:oak_fence":16,"minecraft:crafting_table":13,"minecraft:stone_slab":16,"minecraft:tall_grass":8,"minecraft:lapis_ore":1,"minecraft:deepslate_gold_ore":19,"minecraft:sculk":2,"minecraft:diorite":4,"minecraft:warped_wart_block":377,"minecraft:air":354,"minecraft:spruce_stairs":4,"minecraft:cobblestone_wall":1,"minecraft:spruce_log":611,"minecraft:birch_leaves":658,"minecraft:coal_ore":20,"minecraft:mycelium":129,"minecraft:gravel":107,"minecraft:cobweb":5,"minecraft:mossy_stone_bricks":1,"minecraft:gold_ore":15,"minecraft:fern":3},"minecraft:custom":{"minecraft:animals_bred":8,"minecraft:interact_with_crafting_table":178,"minecraft:open_barrel":33,"minecraft:bell_ring":11,"minecraft:leave_game":10,"minecraft:time_since_death":41004,"minecraft:sprint_one_cm":1654006,"minecraft:damage_blocked_by_shield":6524,"minecraft:drop":171,"minecraft:play_time":600622,"minecraft:deaths":15,"minecraft:jump":12922,"minecraft:interact_with_brewingstand":20,"minecraft:walk_on_water_one_cm":83082,"minecraft:interact_with_furnace":129,"minecraft:sleep_in_bed":3,"minecraft:damage_dealt":28915,"minecraft:player_kills":18,"minecraft:crouch_one_cm":313810,"minecraft:horse_one_cm":1948,"minecraft:interact_with_smithing_table":2,"minecraft:mob_kills":143,"minecraft:climb_one_cm":15230,"minecraft:walk_one_cm":908132,"minecraft:sneak_time":70158,"minecraft:walk_under_water_one_cm":83457,"minecraft:boat_one_cm":200534,"minecraft:total_world_time":600622,"minecraft:interact_with_stonecutter":20,"minecraft:time_since_rest":41035,"minecraft:damage_taken":16766,"minecraft:swim_one_cm":205717,"minecraft:fly_one_cm":2738208,"minecraft:open_chest":36,"minecraft:fall_one_cm":419533},"minecraft:killed":{"minecraft:spider":13,"minecraft:skeleton":27,"minecraft:magma_cube":8,"minecraft:piglin":2,"minecraft:pig":4,"minecraft:iron_golem":1,"minecraft:creeper":1,"minecraft:sheep":2,"minecraft:zombie":37,"minecraft:mooshroom":2,"minecraft:ghast":1,"minecraft:blaze":22,"minecraft:cow":10,"minecraft:drowned":3,"minecraft:wither_skeleton":4},"minecraft:killed_by":{"minecraft:drowned":2,"minecraft:zombie":3,"minecraft:player":5},"minecraft:dropped":{"minecraft:brown_mushroom":2,"minecraft:porkchop":5,"minecraft:cooked_beef":4,"minecraft:diamond":4,"minecraft:glass_bottle":1,"minecraft:crafting_table":1,"minecraft:glow_berries":8,"minecraft:lantern":2,"minecraft:leather":4,"minecraft:rail":11,"minecraft:red_mushroom":15,"minecraft:spruce_leaves":3,"minecraft:dirt":9,"minecraft:crimson_roots":1,"minecraft:snowball":5,"minecraft:wooden_sword":6,"minecraft:sand":68,"minecraft:iron_pickaxe":1,"minecraft:bone":6,"minecraft:gravel":3,"minecraft:stone_axe":1,"minecraft:sugar_cane":4,"minecraft:wheat":49,"minecraft:rotten_flesh":1,"minecraft:white_bed":1,"minecraft:carrot":9,"minecraft:poppy":1,"minecraft:melon_seeds":2,"minecraft:azalea":2,"minecraft:chest":2,"minecraft:arrow":21,"minecraft:warped_wart_block":143,"minecraft:quartz":7,"minecraft:lectern":1,"minecraft:enchanted_book":1,"minecraft:water_bucket":2,"minecraft:iron_ingot":12,"minecraft:bread":1,"minecraft:wheat_seeds":10,"minecraft:oak_fence":10,"minecraft:cobblestone":130,"minecraft:iron_helmet":1,"minecraft:apple":3,"minecraft:mushroom_stew":2,"minecraft:coal":5,"minecraft:stick":32,"minecraft:diorite":4,"minecraft:ink_sac":2,"minecraft:wooden_hoe":2,"minecraft:torch":6,"minecraft:wooden_axe":1,"minecraft:potion":1,"minecraft:iron_leggings":2,"minecraft:oak_stairs":3,"minecraft:paper":1,"minecraft:spruce_sapling":10,"minecraft:polished_deepslate":1,"minecraft:snow_block":22,"minecraft:kelp":2,"minecraft:player_head":1,"minecraft:stone_sword":3,"minecraft:bowl":4,"minecraft:tuff":6,"minecraft:stone_shovel":2,"minecraft:iron_boots":1,"minecraft:iron_hoe":1,"minecraft:stripped_oak_log":2,"minecraft:flint_and_steel":1,"minecraft:potato":18,"minecraft:hay_block":6,"minecraft:stone":14,"minecraft:shield":1,"minecraft:spruce_planks":257,"minecraft:diamond_pickaxe":1,"minecraft:iron_chestplate":2,"minecraft:oak_sapling":2,"minecraft:spider_eye":2,"minecraft:spruce_log":216,"minecraft:bow":1,"minecraft:stone_pickaxe":1,"minecraft:raw_gold":2,"minecraft:wooden_pickaxe":1},"minecraft:crafted":{"minecraft:oak_planks":12,"minecraft:cobblestone_slab":6,"minecraft:blaze_powder":2,"minecraft:stone":94,"minecraft:cobblestone_stairs":4,"minecraft:bookshelf":5,"minecraft:cooked_mutton":3,"minecraft:warped_planks":232,"minecraft:glass":39,"minecraft:diamond_helmet":1,"minecraft:diamond_leggings":1,"minecraft:iron_boots":1,"minecraft:chest":3,"minecraft:glass_bottle":6,"minecraft:crafting_table":7,"minecraft:spruce_planks":1064,"minecraft:wooden_pickaxe":1,"minecraft:iron_helmet":1,"minecraft:spruce_door":9,"minecraft:smithing_table":1,"minecraft:brewing_stand":2,"minecraft:birch_planks":16,"minecraft:polished_deepslate_slab":10,"minecraft:spruce_trapdoor":70,"minecraft:iron_chestplate":1,"minecraft:book":7,"minecraft:paper":33,"minecraft:diamond_pickaxe":1,"minecraft:shield":3,"minecraft:stick":76,"minecraft:stone_slab":96,"minecraft:iron_ingot":68,"minecraft:iron_pickaxe":5,"minecraft:stone_sword":1,"minecraft:snow_block":87,"minecraft:gold_ingot":35,"minecraft:shears":1,"minecraft:golden_carrot":2,"minecraft:stone_shovel":1,"minecraft:iron_nugget":144,"minecraft:polished_deepslate_stairs":62,"minecraft:furnace":4,"minecraft:bone_meal":75,"minecraft:spruce_fence":36,"minecraft:white_carpet":3,"minecraft:glass_pane":64,"minecraft:flint_and_steel":1,"minecraft:lantern":18,"minecraft:spruce_stairs":32,"minecraft:white_concrete_powder":128,"minecraft:polished_deepslate":302,"minecraft:iron_axe":1,"minecraft:ladder":15,"minecraft:spruce_slab":12,"minecraft:stone_pickaxe":1,"minecraft:cobblestone_wall":6,"minecraft:diamond_boots":1,"minecraft:spruce_boat":1,"minecraft:wheat":216,"minecraft:sugar":2,"minecraft:diamond_sword":1,"minecraft:spruce_sign":33,"minecraft:enchanting_table":1,"minecraft:bowl":4,"minecraft:bucket":2,"minecraft:stone_axe":5,"minecraft:acacia_boat":1,"minecraft:bread":66,"minecraft:air":0,"minecraft:gold_nugget":18,"minecraft:white_dye":24,"minecraft:fermented_spider_eye":2,"minecraft:wooden_axe":1,"minecraft:iron_shovel":1,"minecraft:iron_leggings":1,"minecraft:stonecutter":1,"minecraft:acacia_planks":40,"minecraft:diamond_chestplate":1},"minecraft:used":{"minecraft:moss_block":6,"minecraft:iron_shovel":251,"minecraft:polished_deepslate":143,"minecraft:spruce_slab":19,"minecraft:ladder":23,"minecraft:white_concrete_powder":72,"minecraft:chest":3,"minecraft:shield":108,"minecraft:stone":29,"minecraft:nether_wart":23,"minecraft:player_head":1,"minecraft:rotten_flesh":8,"minecraft:iron_chestplate":1,"minecraft:soul_sand":23,"minecraft:carrot":12,"minecraft:acacia_sapling":2,"minecraft:tuff":9,"minecraft:snowball":4,"minecraft:stripped_spruce_log":8,"minecraft:milk_bucket":1,"minecraft:obsidian":2,"minecraft:polished_deepslate_stairs":206,"minecraft:spruce_boat":3,"minecraft:lava_bucket":8,"minecraft:lantern":16,"minecraft:birch_sapling":28,"minecraft:bow":9,"minecraft:furnace":13,"minecraft:oak_sapling":12,"minecraft:spruce_door":11,"minecraft:stripped_birch_log":17,"minecraft:stone_pickaxe":141,"minecraft:oak_planks":3,"minecraft:wooden_pickaxe":3,"minecraft:sugar_cane":35,"minecraft:oak_leaves":14,"minecraft:mushroom_stew":40,"minecraft:shears":14,"minecraft:bread":71,"minecraft:gravel":114,"minecraft:diamond_sword":14,"minecraft:smithing_table":1,"minecraft:birch_log":34,"minecraft:white_concrete":62,"minecraft:bone_meal":51,"minecraft:enchanting_table":1,"minecraft:stone_sword":127,"minecraft:flint_and_steel":1,"minecraft:stone_shovel":114,"minecraft:dried_kelp":1,"minecraft:spruce_planks":153,"minecraft:netherrack":3,"minecraft:torch":4,"minecraft:brewing_stand":2,"minecraft:dirt":263,"minecraft:warped_wart_block":39,"minecraft:spruce_stairs":33,"minecraft:cobblestone_wall":5,"minecraft:spruce_fence":22,"minecraft:wooden_axe":23,"minecraft:bookshelf":15,"minecraft:iron_axe":185,"minecraft:barrel":2,"minecraft:cooked_beef":39,"minecraft:cobbled_deepslate":51,"minecraft:iron_leggings":1,"minecraft:cooked_mutton":3,"minecraft:acacia_boat":3,"minecraft:water_bucket":83,"minecraft:cobblestone_stairs":8,"minecraft:snow_block":65,"minecraft:birch_planks":2,"minecraft:glass_bottle":6,"minecraft:spruce_sign":39,"minecraft:stonecutter":2,"minecraft:cobblestone_slab":11,"minecraft:polished_deepslate_slab":89,"minecraft:mossy_cobblestone":1,"minecraft:crafting_table":21,"minecraft:cod":1,"minecraft:white_bed":2,"minecraft:spruce_log":60,"minecraft:warped_planks":212,"minecraft:diamond_pickaxe":29,"minecraft:apple":5,"minecraft:iron_pickaxe":1137,"minecraft:stone_slab":134,"minecraft:spruce_trapdoor":73,"minecraft:spruce_sapling":57,"minecraft:stone_axe":388,"minecraft:cobblestone":93,"minecraft:potion":2,"minecraft:mud_brick_wall":1,"minecraft:bucket":92,"minecraft:glass_pane":60,"minecraft:dandelion":1},"minecraft:broken":{"minecraft:iron_shovel":1,"minecraft:stone_pickaxe":1,"minecraft:stone_axe":3,"minecraft:stone_sword":1,"minecraft:shield":1,"minecraft:iron_axe":1,"minecraft:iron_pickaxe":4,"minecraft:iron_helmet":1},"minecraft:picked_up":{"minecraft:nether_brick_fence":24,"minecraft:stone_slab":18,"minecraft:enchanted_book":1,"minecraft:potion":5,"minecraft:polished_deepslate":80,"minecraft:string":16,"minecraft:iron_leggings":2,"minecraft:cobbled_deepslate":548,"minecraft:spruce_planks":67,"minecraft:cobblestone_slab":5,"minecraft:azalea":1,"minecraft:iron_pickaxe":1,"minecraft:coal_block":2,"minecraft:furnace":9,"minecraft:stick":123,"minecraft:polished_deepslate_stairs":43,"minecraft:oak_fence":29,"minecraft:torch":5,"minecraft:acacia_log":10,"minecraft:spruce_stairs":4,"minecraft:porkchop":5,"minecraft:snow_block":22,"minecraft:dried_kelp":1,"minecraft:diorite":4,"minecraft:warped_planks":4,"minecraft:stone_sword":2,"minecraft:rotten_flesh":33,"minecraft:blaze_rod":21,"minecraft:obsidian":8,"minecraft:snowball":357,"minecraft:cobblestone":432,"minecraft:birch_log":44,"minecraft:magma_block":13,"minecraft:magma_cream":4,"minecraft:water_bucket":2,"minecraft:potato":19,"minecraft:flint":37,"minecraft:tuff":8,"minecraft:acacia_boat":2,"minecraft:stripped_birch_log":30,"minecraft:lapis_lazuli":4,"minecraft:dirt":267,"minecraft:bone":38,"minecraft:bow":3,"minecraft:stonecutter":1,"minecraft:wheat_seeds":7,"minecraft:raw_gold":37,"minecraft:glowstone_dust":27,"minecraft:moss_block":6,"minecraft:ghast_tear":1,"minecraft:warped_wart_block":182,"minecraft:sand":220,"minecraft:stripped_spruce_log":10,"minecraft:ink_sac":2,"minecraft:mossy_cobblestone":1,"minecraft:iron_hoe":1,"minecraft:diamond":40,"minecraft:spruce_boat":2,"minecraft:white_concrete":67,"minecraft:spruce_sign":11,"minecraft:bread":1,"minecraft:oak_sapling":14,"minecraft:netherrack":11,"minecraft:oak_leaves":14,"minecraft:crimson_roots":1,"minecraft:diamond_pickaxe":1,"minecraft:spruce_leaves":3,"minecraft:charcoal":2,"minecraft:crafting_table":16,"minecraft:nether_wart":39,"minecraft:ladder":16,"minecraft:clay_ball":12,"minecraft:brown_mushroom":4,"minecraft:wooden_pickaxe":1,"minecraft:shield":2,"minecraft:wooden_sword":3,"minecraft:flint_and_steel":1,"minecraft:glass_pane":4,"minecraft:beef":22,"minecraft:player_head":17,"minecraft:poppy":1,"minecraft:spruce_slab":23,"minecraft:sugar_cane":79,"minecraft:chest":2,"minecraft:birch_sapling":28,"minecraft:spruce_trapdoor":29,"minecraft:raw_iron":74,"minecraft:polished_deepslate_slab":101,"minecraft:stone":29,"minecraft:bowl":2,"minecraft:spruce_fence":17,"minecraft:carrot":47,"minecraft:redstone":47,"minecraft:iron_horse_armor":1,"minecraft:arrow":50,"minecraft:stone_shovel":1,"minecraft:nether_bricks":16,"minecraft:hay_block":34,"minecraft:glow_berries":4,"minecraft:mutton":3,"minecraft:rail":11,"minecraft:white_wool":3,"minecraft:stripped_oak_log":7,"minecraft:leather":11,"minecraft:red_mushroom":15,"minecraft:mushroom_stew":3,"minecraft:oak_log":17,"minecraft:cobblestone_wall":9,"minecraft:cobblestone_stairs":4,"minecraft:wooden_hoe":2,"minecraft:apple":6,"minecraft:kelp":2,"minecraft:warped_stem":58,"minecraft:stone_pickaxe":1,"minecraft:iron_ingot":5,"minecraft:soul_sand":23,"minecraft:acacia_sapling":2,"minecraft:book":9,"minecraft:quartz":8,"minecraft:dandelion":1,"minecraft:gravel":453,"minecraft:mud_brick_wall":1,"minecraft:spruce_sapling":67,"minecraft:white_bed":3,"minecraft:spruce_log":589,"minecraft:spider_eye":4,"minecraft:spruce_door":4,"minecraft:white_concrete_powder":8,"minecraft:stone_axe":4,"minecraft:diamond_axe":1,"minecraft:melon_seeds":2,"minecraft:coal":53}},"DataVersion":3465}