{"stats":{"minecraft:mined":{"minecraft:large_amethyst_bud":2,"minecraft:spruce_planks":44,"minecraft:white_bed":2,"minecraft:farmland":1,"minecraft:spruce_trapdoor":1,"minecraft:budding_amethyst":1,"minecraft:granite":25,"minecraft:grass_block":9,"minecraft:acacia_log":56,"minecraft:mud_brick_wall":1,"minecraft:tall_seagrass":2,"minecraft:magma_block":1,"minecraft:glowstone":18,"minecraft:iron_ore":44,"minecraft:deepslate_lapis_ore":5,"minecraft:cave_vines":2,"minecraft:dirt_path":9,"minecraft:oak_stairs":6,"minecraft:azalea":2,"minecraft:spruce_slab":12,"minecraft:deepslate_redstone_ore":3,"minecraft:brown_mushroom":54,"minecraft:clay":1,"minecraft:torch":3,"minecraft:calcite":1,"minecraft:chest":1,"minecraft:mushroom_stem":70,"minecraft:spruce_wall_sign":1,"minecraft:glass":3,"minecraft:cobblestone":51,"minecraft:oak_planks":9,"minecraft:sugar_cane":12,"minecraft:wall_torch":8,"minecraft:amethyst_block":13,"minecraft:warped_planks":1,"minecraft:nether_wart_block":66,"minecraft:birch_log":8,"minecraft:wheat":195,"minecraft:grass":56,"minecraft:oak_log":129,"minecraft:beetroots":1,"minecraft:sand":6,"minecraft:dirt":290,"minecraft:red_mushroom_block":139,"minecraft:netherrack":4,"minecraft:stripped_crimson_stem":2,"minecraft:oak_leaves":162,"minecraft:deepslate":164,"minecraft:diamond_ore":4,"minecraft:tuff":25,"minecraft:deepslate_diamond_ore":12,"minecraft:stripped_birch_log":1,"minecraft:nether_bricks":24,"minecraft:brown_mushroom_block":77,"minecraft:spruce_leaves":536,"minecraft:moss_block":15,"minecraft:red_mushroom":8,"minecraft:crimson_stem":14,"minecraft:large_fern":55,"minecraft:hay_block":27,"minecraft:furnace":2,"minecraft:carrots":5,"minecraft:andesite":11,"minecraft:bell":1,"minecraft:nether_brick_fence":1,"minecraft:bookshelf":3,"minecraft:potatoes":6,"minecraft:deepslate_iron_ore":34,"minecraft:rail":10,"minecraft:warped_stem":13,"minecraft:packed_ice":1,"minecraft:stripped_acacia_log":2,"minecraft:stripped_oak_log":15,"minecraft:stone":622,"minecraft:bone_block":3,"minecraft:podzol":4,"minecraft:oak_slab":75,"minecraft:acacia_leaves":157,"minecraft:glass_pane":4,"minecraft:soul_sand":4,"minecraft:snow_block":106,"minecraft:oak_fence":16,"minecraft:crafting_table":8,"minecraft:warped_roots":2,"minecraft:campfire":1,"minecraft:lectern":1,"minecraft:stone_slab":1,"minecraft:lapis_ore":1,"minecraft:diorite":6,"minecraft:big_dripleaf":1,"minecraft:warped_wart_block":49,"minecraft:air":3128,"minecraft:birch_planks":2,"minecraft:cobblestone_wall":19,"minecraft:spruce_log":127,"minecraft:birch_leaves":29,"minecraft:coal_ore":31,"minecraft:mycelium":833,"minecraft:gravel":5,"minecraft:cobweb":2,"minecraft:spruce_fence_gate":8,"minecraft:gold_ore":8,"minecraft:fern":69},"minecraft:killed":{"minecraft:spider":1,"minecraft:skeleton":8,"minecraft:chicken":1,"minecraft:sheep":11,"minecraft:zombie":10,"minecraft:blaze":6,"minecraft:drowned":1,"minecraft:wither_skeleton":1},"minecraft:dropped":{"minecraft:iron_sword":1,"minecraft:brown_mushroom":11,"minecraft:birch_planks":7,"minecraft:diamond_axe":1,"minecraft:large_amethyst_bud":1,"minecraft:emerald_ore":1,"minecraft:diamond":4,"minecraft:warped_roots":4,"minecraft:raw_gold_block":1,"minecraft:flint":4,"minecraft:spruce_leaves":6,"minecraft:dirt":2,"minecraft:raw_copper_block":1,"minecraft:cornflower":2,"minecraft:iron_pickaxe":1,"minecraft:small_amethyst_bud":3,"minecraft:bone":1,"minecraft:gravel":12,"minecraft:stone_axe":1,"minecraft:golden_chestplate":1,"minecraft:cobbled_deepslate":23,"minecraft:birch_sapling":3,"minecraft:rotten_flesh":6,"minecraft:oak_planks":1,"minecraft:deepslate_emerald_ore":1,"minecraft:golden_shovel":2,"minecraft:carrot":2,"minecraft:chiseled_stone_bricks":1,"minecraft:poppy":1,"minecraft:glowstone":2,"minecraft:acacia_sapling":14,"minecraft:arrow":1,"minecraft:warped_wart_block":44,"minecraft:golden_boots":1,"minecraft:iron_ingot":1,"minecraft:oak_slab":1,"minecraft:golden_helmet":2,"minecraft:poisonous_potato":3,"minecraft:iron_helmet":1,"minecraft:cobblestone":28,"minecraft:book":9,"minecraft:granite":37,"minecraft:spruce_door":1,"minecraft:mushroom_stew":1,"minecraft:stick":1,"minecraft:diorite":11,"minecraft:wooden_hoe":1,"minecraft:lapis_ore":2,"minecraft:potion":1,"minecraft:iron_leggings":1,"minecraft:lily_pad":20,"minecraft:spruce_sapling":3,"minecraft:dandelion":1,"minecraft:player_head":3,"minecraft:bowl":4,"minecraft:light_gray_wool":1,"minecraft:clay_ball":64,"minecraft:stone_slab":1,"minecraft:diamond_ore":4,"minecraft:deepslate_lapis_ore":4,"minecraft:flint_and_steel":1,"minecraft:hay_block":5,"minecraft:shield":4,"minecraft:spruce_planks":7,"minecraft:diamond_pickaxe":1,"minecraft:oak_sapling":2,"minecraft:stripped_acacia_log":3},"minecraft:used":{"minecraft:moss_block":10,"minecraft:iron_shovel":250,"minecraft:spruce_slab":86,"minecraft:chest":3,"minecraft:shield":122,"minecraft:iron_sword":23,"minecraft:bell":1,"minecraft:player_head":2,"minecraft:rotten_flesh":22,"minecraft:spruce_leaves":185,"minecraft:mutton":13,"minecraft:nether_bricks":19,"minecraft:carrot":9,"minecraft:tuff":22,"minecraft:snowball":16,"minecraft:glass":6,"minecraft:golden_sword":101,"minecraft:hay_block":3,"minecraft:furnace":4,"minecraft:oak_sapling":10,"minecraft:potato":1,"minecraft:spruce_door":5,"minecraft:stripped_acacia_log":1,"minecraft:stone_pickaxe":283,"minecraft:oak_planks":35,"minecraft:wooden_pickaxe":54,"minecraft:sugar_cane":9,"minecraft:white_wool":6,"minecraft:sand":9,"minecraft:mushroom_stew":33,"minecraft:shears":237,"minecraft:bread":16,"minecraft:gravel":22,"minecraft:andesite":28,"minecraft:oak_boat":2,"minecraft:bone_meal":6,"minecraft:oak_fence":60,"minecraft:stone_sword":124,"minecraft:armor_stand":1,"minecraft:stone_shovel":919,"minecraft:spruce_planks":733,"minecraft:wooden_shovel":262,"minecraft:torch":23,"minecraft:dirt":1071,"minecraft:warped_wart_block":40,"minecraft:cobblestone_wall":223,"minecraft:granite":2,"minecraft:iron_hoe":180,"minecraft:iron_axe":220,"minecraft:oak_stairs":26,"minecraft:cooked_beef":7,"minecraft:acacia_planks":24,"minecraft:cobbled_deepslate":91,"minecraft:wheat_seeds":520,"minecraft:cooked_mutton":5,"minecraft:water_bucket":16,"minecraft:snow_block":36,"minecraft:birch_planks":10,"minecraft:birch_boat":2,"minecraft:spruce_fence_gate":10,"minecraft:crafting_table":15,"minecraft:oak_slab":449,"minecraft:red_mushroom":8,"minecraft:campfire":1,"minecraft:white_bed":2,"minecraft:warped_planks":28,"minecraft:oak_log":46,"minecraft:wooden_hoe":230,"minecraft:diamond_pickaxe":208,"minecraft:apple":1,"minecraft:iron_pickaxe":751,"minecraft:spruce_trapdoor":1,"minecraft:spruce_sapling":4,"minecraft:stone_axe":269,"minecraft:cobblestone":537,"minecraft:cooked_porkchop":5,"minecraft:bucket":19,"minecraft:glass_pane":48},"minecraft:broken":{"minecraft:iron_shovel":1,"minecraft:wooden_shovel":2,"minecraft:shears":1,"minecraft:iron_boots":2,"minecraft:iron_leggings":1,"minecraft:stone_pickaxe":2,"minecraft:golden_sword":1,"minecraft:stone_axe":2,"minecraft:stone_shovel":7,"minecraft:stone_sword":1,"minecraft:wooden_pickaxe":1,"minecraft:iron_axe":1,"minecraft:iron_pickaxe":3,"minecraft:iron_helmet":2,"minecraft:wooden_hoe":3},"minecraft:crafted":{"minecraft:oak_planks":392,"minecraft:birch_boat":1,"minecraft:warped_planks":28,"minecraft:glass":24,"minecraft:iron_boots":1,"minecraft:chest":2,"minecraft:oak_fence":51,"minecraft:oak_slab":378,"minecraft:wooden_shovel":4,"minecraft:cooked_porkchop":5,"minecraft:crafting_table":10,"minecraft:spruce_planks":995,"minecraft:iron_helmet":1,"minecraft:wooden_pickaxe":3,"minecraft:spruce_door":6,"minecraft:birch_planks":32,"minecraft:campfire":1,"minecraft:iron_chestplate":1,"minecraft:wooden_hoe":4,"minecraft:diamond_pickaxe":1,"minecraft:shield":2,"minecraft:stick":124,"minecraft:iron_ingot":67,"minecraft:iron_pickaxe":3,"minecraft:stone_sword":1,"minecraft:snow_block":36,"minecraft:spruce_fence_gate":2,"minecraft:shears":1,"minecraft:stone_shovel":7,"minecraft:furnace":2,"minecraft:bone_meal":6,"minecraft:glass_pane":48,"minecraft:iron_axe":1,"minecraft:iron_hoe":1,"minecraft:spruce_slab":82,"minecraft:stone_pickaxe":1,"minecraft:cobblestone_wall":210,"minecraft:wheat":9,"minecraft:bowl":4,"minecraft:bucket":3,"minecraft:stone_axe":2,"minecraft:bread":16,"minecraft:air":0,"minecraft:oak_stairs":40,"minecraft:iron_shovel":1,"minecraft:iron_leggings":1,"minecraft:white_bed":1,"minecraft:acacia_planks":68,"minecraft:torch":16},"minecraft:killed_by":{"minecraft:creeper":1,"minecraft:drowned":1,"minecraft:player":9,"minecraft:spider":1,"minecraft:skeleton":8},"minecraft:picked_up":{"minecraft:iron_chestplate":4,"minecraft:wheat":248,"minecraft:nether_brick_fence":3,"minecraft:stone_slab":1,"minecraft:oak_stairs":36,"minecraft:amethyst_block":13,"minecraft:string":9,"minecraft:iron_leggings":2,"minecraft:armor_stand":1,"minecraft:cobbled_deepslate":125,"minecraft:bucket":1,"minecraft:spruce_planks":83,"minecraft:azalea":3,"minecraft:wooden_shovel":1,"minecraft:iron_pickaxe":1,"minecraft:furnace":2,"minecraft:iron_boots":2,"minecraft:golden_helmet":1,"minecraft:stick":35,"minecraft:big_dripleaf":1,"minecraft:oak_fence":27,"minecraft:torch":22,"minecraft:acacia_log":17,"minecraft:snow_block":35,"minecraft:diorite":11,"minecraft:warped_planks":1,"minecraft:rotten_flesh":21,"minecraft:blaze_rod":5,"minecraft:snowball":153,"minecraft:cobblestone":808,"minecraft:birch_log":6,"minecraft:cooked_beef":4,"minecraft:water_bucket":3,"minecraft:andesite":51,"minecraft:potato":29,"minecraft:flint":4,"minecraft:tuff":19,"minecraft:stripped_birch_log":2,"minecraft:lapis_lazuli":49,"minecraft:dirt":1254,"minecraft:glass":4,"minecraft:bone":12,"minecraft:acacia_planks":24,"minecraft:wheat_seeds":530,"minecraft:bell":1,"minecraft:glowstone_dust":54,"minecraft:moss_block":10,"minecraft:oak_planks":67,"minecraft:warped_wart_block":84,"minecraft:poisonous_potato":3,"minecraft:sand":37,"minecraft:iron_hoe":1,"minecraft:stripped_acacia_log":6,"minecraft:spruce_fence_gate":8,"minecraft:diamond":20,"minecraft:granite":39,"minecraft:oak_sapling":12,"minecraft:diamond_pickaxe":1,"minecraft:spruce_leaves":192,"minecraft:crafting_table":14,"minecraft:clay_ball":140,"minecraft:brown_mushroom":67,"minecraft:wooden_pickaxe":2,"minecraft:shield":5,"minecraft:cornflower":2,"minecraft:oak_boat":2,"minecraft:player_head":17,"minecraft:poppy":1,"minecraft:light_gray_wool":1,"minecraft:spruce_slab":12,"minecraft:lectern":4,"minecraft:sugar_cane":46,"minecraft:chest":1,"minecraft:birch_sapling":3,"minecraft:spruce_trapdoor":1,"minecraft:raw_iron":71,"minecraft:carrot":13,"minecraft:redstone":15,"minecraft:arrow":11,"minecraft:stone_shovel":2,"minecraft:beetroot_seeds":2,"minecraft:nether_bricks":23,"minecraft:shears":1,"minecraft:hay_block":38,"minecraft:mutton":18,"minecraft:white_wool":15,"minecraft:rail":30,"minecraft:stripped_oak_log":11,"minecraft:crimson_stem":7,"minecraft:red_mushroom":153,"minecraft:birch_planks":25,"minecraft:mushroom_stew":2,"minecraft:chainmail_chestplate":1,"minecraft:oak_log":137,"minecraft:lily_pad":60,"minecraft:cobblestone_wall":17,"minecraft:cooked_mutton":5,"minecraft:apple":1,"minecraft:warped_stem":7,"minecraft:iron_ingot":30,"minecraft:iron_sword":1,"minecraft:acacia_sapling":18,"minecraft:soul_sand":7,"minecraft:book":9,"minecraft:oak_slab":72,"minecraft:birch_boat":1,"minecraft:chiseled_stone_bricks":1,"minecraft:quartz":12,"minecraft:dandelion":1,"minecraft:gravel":46,"minecraft:amethyst_shard":2,"minecraft:spruce_sapling":7,"minecraft:white_bed":3,"minecraft:spruce_log":252,"minecraft:spruce_door":1,"minecraft:spider_eye":1,"minecraft:slime_ball":1,"minecraft:iron_helmet":2,"minecraft:warped_roots":4,"minecraft:coal":40},"minecraft:custom":{"minecraft:animals_bred":2,"minecraft:interact_with_crafting_table":105,"minecraft:leave_game":8,"minecraft:time_since_death":90,"minecraft:sprint_one_cm":1017029,"minecraft:damage_blocked_by_shield":4882,"minecraft:drop":97,"minecraft:talked_to_villager":4,"minecraft:play_time":551306,"minecraft:deaths":30,"minecraft:jump":15494,"minecraft:walk_on_water_one_cm":78978,"minecraft:interact_with_furnace":39,"minecraft:sleep_in_bed":4,"minecraft:damage_dealt":10153,"minecraft:player_kills":8,"minecraft:crouch_one_cm":143982,"minecraft:mob_kills":39,"minecraft:interact_with_campfire":5,"minecraft:climb_one_cm":1520,"minecraft:walk_one_cm":1694391,"minecraft:sneak_time":36879,"minecraft:walk_under_water_one_cm":102283,"minecraft:boat_one_cm":736167,"minecraft:total_world_time":551306,"minecraft:time_since_rest":124,"minecraft:damage_taken":15683,"minecraft:swim_one_cm":274156,"minecraft:fly_one_cm":1549924,"minecraft:open_chest":38,"minecraft:fall_one_cm":206012}},"DataVersion":3465}